Fecha,Hora,Comentario,Monto_millones,Moneda
2026/10/02,07:00 pm,"Saldo de la cuenta corriente de las empresas bancarias en el BCRP al cierre de operaciones: S/ 14 010,8 millones.",14010.8,S/
2026/10/02,06:30 pm,"Monto Total Negociado en el Mercado Cambiario Spot Interbancario: US$ 680,6 millones",680.6,US$
2026/10/02,04:40 pm,"Tasa Interbancaria Overnight (TIBO) en moneda nacional: 4,25 por ciento.",,
2026/10/02,01:40 pm,"Se colocaron S/ 900 millones de Depósitos Overnight a una tasa promedio de 4,14 por ciento.",900.0,S/
2026/10/02,01:30 pm,"Tipo de cambio - Venta del mercado interbancario: S/ 3,4360.",,
2026/10/02,01:20 pm,"Se colocaron S/ 500 millones de Depósitos a 1 semana a una tasa promedio de 4,22 por ciento.",500.0,S/
2026/10/02,01:05 pm,"Se colocaron S/ 600 millones de Repo de Valores a 6 meses a una tasa promedio de 4,63 por ciento.",600.0,S/
2026/10/02,12:30 pm,"Convocatoria de las siguientes subastas: (a) Depósitos a 1 semana S/ 500 millones, (b) Depósitos Overnight S/ 900 millones y (c) Repo de Valores a 6 meses S/ 600 millones.",500.0,S/
2026/10/02,12:05 pm,Liquidez inicial de las empresas bancarias en el BCRP: S/ 14 800 millones.,14800.0,S/
2026/10/02,09:00 am,Liquidez inicial de las empresas bancarias en el BCRP: S/ 14 700 millones.,14700.0,S/
2026/10/02,08:30 am,"Vencimientos de instrumentos del BCRP del día de hoy: (a) Repo de Valores S/ 600 millones, (b) Depósitos BCRP S/ 1 000 millones y (c) Swap Cambiario Compra S/ 400 millones.",600.0,S/
2026/10/01,07:00 pm,"Saldo de la cuenta corriente de las empresas bancarias en el BCRP al cierre de operaciones: S/ 15 581,9 millones.",15581.9,S/
2026/10/01,06:30 pm,"Monto Total Negociado en el Mercado Cambiario Spot Interbancario: US$ 632,5 millones",632.5,US$
2026/10/01,04:39 pm,"Tasa Interbancaria Overnight (TIBO) en moneda nacional: 4,25 por ciento.",,
2026/10/01,01:40 pm,"Se colocaron S/ 1 000 millones de Depósitos Overnight a una tasa promedio de 4,17 por ciento.",1000.0,S/
2026/10/01,01:30 pm,"Tipo de cambio - Venta del mercado interbancario: S/ 3,4530.",,
2026/10/01,01:28 pm,La subasta de Swap Cambiario Venta (tasa variable) a 3 meses por S/ 200 millones se declaró desierta.,200.0,S/
2026/10/01,01:22 pm,Se convocó a la siguiente subasta: Swap Cambiario Venta (tasa variable) a 3 meses por S/ 200 millones.,200.0,S/
2026/10/01,12:37 pm,"Se colocaron S/ 500 millones de Swap Cambiario Venta (tasa variable) a 3 meses, a una tasa promedio de 3,10 por ciento.",500.0,S/
2026/10/01,12:30 pm,Convocatoria de la siguiente subasta: (a) Depósitos Overnight S/ 1 000 millones.,1000.0,S/
2026/10/01,12:22 pm,Se convocó a la siguiente subasta: Swap Cambiario Venta (tasa variable) a 3 meses por S/ 500 millones.,500.0,S/
2026/10/01,12:05 pm,Liquidez inicial de las empresas bancarias en el BCRP: S/ 16 500 millones.,16500.0,S/
2026/10/01,09:00 am,Liquidez inicial de las empresas bancarias en el BCRP: S/ 16 400 millones.,16400.0,S/
2026/10/01,08:30 am,"Vencimientos de instrumentos del BCRP del día de hoy: (a) CD BCRP S/ 1 414,5 millones, (b) Depósitos BCRP S/ 12 139,9 millones y (c) Swap Cambiario Compra S/ 300 millones.",1414.5,S/
2026/09/30,07:00 pm,"Saldo de la cuenta corriente de las empresas bancarias en el BCRP al cierre de operaciones: S/ 3 992,0 millones.",3992.0,S/
2026/09/30,06:30 pm,"Monto Total Negociado en el Mercado Cambiario Spot Interbancario: US$ 663,2 millones",663.2,US$
2026/09/30,04:45 pm,"Tasa Interbancaria Overnight (TIBO) en moneda nacional: 4,25 por ciento.",,
2026/09/30,01:40 pm,"Se colocaron S/ 4 730,6 millones de Depósitos Overnight a una tasa promedio de 4,21 por ciento.",4730.6,S/
2026/09/30,01:30 pm,"Tipo de cambio - Venta del mercado interbancario: S/ 3,4330.",,
2026/09/30,01:20 pm,"Se colocaron S/ 1 000 millones de Depósitos a 1 semana a una tasa promedio de 4,24 por ciento.",1000.0,S/
2026/09/30,01:05 pm,"Se colocaron CDV BCRP a 6 meses por S/ 300 millones a un margen promedio de 0,00 por ciento.",300.0,S/
2026/09/30,12:30 pm,"Convocatoria de las siguientes subastas: (a) CDV BCRP a 6 meses S/ 300 millones, (b) Depósitos a 1 semana S/ 1 000 millones y (c) Depósitos Overnight S/ 7 200 millones.",300.0,S/
2026/09/30,12:05 pm,Liquidez inicial de las empresas bancarias en el BCRP: S/ 10 500 millones.,10500.0,S/
2026/09/30,11:05 am,"Se colocaron S/ 2 millones de CD BCRP a 18 meses a una tasa promedio de 4,25 por ciento.",2.0,S/
2026/09/30,10:35 am,"Se colocaron S/ 1 000,1 millones de Depósitos a 1 semana a una tasa promedio de 4,24 por ciento.",1000.1,S/
2026/09/30,10:05 am,"Se colocaron S/ 5 999,8 millones de Depósitos Overnight a una tasa promedio de 4,24 por ciento.",5999.8,S/
2026/09/30,09:10 am,"Convocatoria de las siguientes subastas: (a) CD BCRP a 18 meses S/ 10 millones, (b) Depósitos a 1 semana S/ 1 000 millones y (c) Depósitos Overnight S/ 6 000 millones.",10.0,S/
2026/09/30,09:00 am,Liquidez inicial de las empresas bancarias en el BCRP: S/ 17 100 millones.,17100.0,S/
2026/09/30,08:31 am,"Vencimientos de instrumentos del BCRP del día de hoy: (a) Depósitos BCRP S/ 12 832,1 millones y (b) Swap Cambiario Venta S/ 66,5 millones.",12832.1,S/
2026/09/29,07:00 pm,"Saldo de la cuenta corriente de las empresas bancarias en el BCRP al cierre de operaciones: S/ 4 803,8 millones.",4803.8,S/
2026/09/29,06:30 pm,"Monto Total Negociado en el Mercado Cambiario Spot Interbancario: US$ 657,4 millones",657.4,US$
2026/09/29,04:40 pm,"Tasa Interbancaria Overnight (TIBO) en moneda nacional: 4,25 por ciento.",,
2026/09/29,01:40 pm,"Se colocaron S/ 5 748,5 millones de Depósitos Overnight a una tasa promedio de 4,21 por ciento.",5748.5,S/
2026/09/29,01:30 pm,"Tipo de cambio - Venta del mercado interbancario: S/ 3,4410.",,
2026/09/29,01:20 pm,"Se colocaron S/ 1 000 millones de Depósitos a 1 semana a una tasa promedio de 4,24 por ciento.",1000.0,S/
2026/09/29,01:08 pm,"Se colocaron CDV BCRP a 6 meses por S/ 200 millones a un margen promedio de 0,00 por ciento.",200.0,S/
2026/09/29,12:34 pm,"Convocatoria de las siguientes subastas: (a) CDV BCRP a 6 meses S/ 200 millones, (b) Depósitos a 1 semana S/ 1 000 millones y (c) Depósitos Overnight S/ 7 000 millones.",200.0,S/
2026/09/29,12:04 pm,Liquidez inicial de las empresas bancarias en el BCRP: S/ 11 700 millones.,11700.0,S/
2026/09/29,11:12 am,"Se colocaron S/ 10 millones de CD BCRP a 12 meses a una tasa promedio de 4,25 por ciento.",10.0,S/
2026/09/29,10:37 am,"Se colocaron S/ 1 000 millones de Depósitos a 1 semana a una tasa promedio de 4,25 por ciento.",1000.0,S/
2026/09/29,10:07 am,"Se colocaron S/ 5 500,2 millones de Depósitos Overnight a una tasa promedio de 4,25 por ciento.",5500.2,S/
2026/09/29,09:05 am,"Convocatoria de las siguientes subastas: (a) CD BCRP a 12 meses S/ 10 millones, (b) Depósitos a 1 semana S/ 1 000 millones y (c) Depósitos Overnight S/ 5 500 millones.",10.0,S/
2026/09/29,09:00 am,Liquidez inicial de las empresas bancarias en el BCRP: S/ 17 400 millones.,17400.0,S/
2026/09/29,08:30 am,"Vencimientos de instrumentos del BCRP del día de hoy: (a) Depósitos BCRP S/ 13 554,8 millones.",13554.8,S/
2026/09/28,07:00 pm,"Saldo de la cuenta corriente de las empresas bancarias en el BCRP al cierre de operaciones: S/ 4 241,9 millones.",4241.9,S/
2026/09/28,06:30 pm,"Monto Total Negociado en el Mercado Cambiario Spot Interbancario: US$ 779,3 millones",779.3,US$
2026/09/28,04:45 pm,"Tasa Interbancaria Overnight (TIBO) en moneda nacional: 4,25 por ciento.",,
2026/09/28,01:40 pm,"Se colocaron S/ 6 500 millones de Depósitos Overnight a una tasa promedio de 4,20 por ciento.",6500.0,S/
2026/09/28,01:30 pm,"Tipo de cambio - Venta del mercado interbancario: S/ 3,4420.",,
2026/09/28,01:27 pm,"Se colocaron S/ 300 millones de Swap Cambiario Venta (tasa variable) a 6 meses, a una tasa promedio de 3,26 por ciento.",300.0,S/
2026/09/28,01:23 pm,"Se colocaron S/ 400 millones de Swap Cambiario Venta (tasa variable) a 3 meses, a una tasa promedio de 3,07 por ciento.",400.0,S/
2026/09/28,01:13 pm,Se convocó las siguientes subastas: (a) Swap Cambiario Venta (tasa variable) a 3 meses por S/ 400 millones y (b) Swap Cambiario Venta (tasa variable) a 6 meses por S/ 300 millones,400.0,S/
2026/09/28,12:45 pm,"Se colocaron S/ 500 millones de Swap Cambiario Venta (tasa variable) a 3 meses, a una tasa promedio de 3,06 por ciento.",500.0,S/
2026/09/28,12:30 pm,Convocatoria de las siguientes subastas: (a) Depósitos Overnight S/ 6 500 millones.,6500.0,S/
2026/09/28,12:26 pm,Se convocó a la siguiente subasta: Swap Cambiario Venta (tasa variable) a 3 meses por S/ 500 millones.,500.0,S/
2026/09/28,12:04 pm,Liquidez inicial de las empresas bancarias en el BCRP: S/ 10 000 millones.,10000.0,S/
2026/09/28,10:35 am,"Se colocaron S/ 1 000,1 millones de Depósitos a 1 semana a una tasa promedio de 4,25 por ciento.",1000.1,S/
2026/09/28,10:19 am,"Se colocaron S/ 4 499,9 millones de Depósitos Overnight a una tasa promedio de 4,24 por ciento.",4499.9,S/
2026/09/28,09:15 am,Convocatoria de las siguientes subastas: (a) Depósitos a 1 semana S/ 1 000 millones y (b) Depósitos Overnight S/ 4 500 millones.,1000.0,S/
2026/09/28,09:00 am,Liquidez inicial de las empresas bancarias en el BCRP: S/ 14 800 millones.,14800.0,S/
2026/09/28,08:30 am,"Vencimientos de instrumentos del BCRP del día de hoy: (a) Depósitos BCRP S/ 10 326,8 millones.",10326.8,S/
2026/09/25,07:00 pm,"Saldo de la cuenta corriente de las empresas bancarias en el BCRP al cierre de operaciones: S/ 3 483,0 millones.",3483.0,S/
2026/09/25,06:30 pm,"Monto total Negociado en el Mercado Cambiario Spot Interbancario: US$ 529,3 millones",529.3,US$
2026/09/25,04:47 pm,"Tasa Interbancaria Overnight (TIBO) en moneda nacional: 4,25 por ciento.",,
2026/09/25,01:40 pm,"Se colocaron S/ 4 799,9 millones de Depósitos Overnight a una tasa promedio de 4,20 por ciento.",4799.9,S/
2026/09/25,01:30 pm,"Tipo de cambio - Venta del mercado interbancario: S/ 3,4170.",,
2026/09/25,01:05 pm,"Se colocaron S/ 500 millones de Repo de Valores a 3 meses a una tasa promedio de 4,60 por ciento.",500.0,S/
2026/09/25,12:30 pm,Convocatoria de las siguientes subastas: (a) Depósitos Overnight S/ 4 800 millones y (b) Repo de Valores a 3 meses S/ 500 millones.,4800.0,S/
2026/09/25,12:05 pm,Liquidez inicial de las empresas bancarias en el BCRP: S/ 7 800 millones.,7800.0,S/
2026/09/25,10:05 am,"Se colocaron S/ 3 500 millones de Depósitos Overnight a una tasa promedio de 4,24 por ciento.",3500.0,S/
2026/09/25,09:10 am,Convocatoria de las siguientes subastas: (a) Depósitos Overnight S/ 3 500 millones.,3500.0,S/
2026/09/25,09:00 am,Liquidez inicial de las empresas bancarias en el BCRP: S/ 10 700 millones.,10700.0,S/
2026/09/25,08:30 am,"Vencimientos de instrumentos del BCRP del día de hoy: (a) Repo de Valores S/ 500 millones, (b) Depósitos BCRP S/ 8 600,3 millones, (c) Depósitos del Tesoro Público S/ 200 millones y (d) Swap Cambiario Compra S/ 400 millones.",500.0,S/
2026/09/24,07:00 pm,"Saldo de la cuenta corriente de las empresas bancarias en el BCRP al cierre de operaciones: S/ 5 198,6 millones.",5198.6,S/
2026/09/24,06:30 pm,"Monto total Negociado en el Mercado Cambiario Spot Interbancario: US$ 641,2 millones",641.2,US$
2026/09/24,04:40 pm,"Tasa Interbancaria Overnight (TIBO) en moneda nacional: 4,25 por ciento.",,
2026/09/24,01:40 pm,"Se colocaron S/ 4 600 millones de Depósitos Overnight a una tasa promedio de 4,22 por ciento.",4600.0,S/
2026/09/24,01:30 pm,"Tipo de cambio - Venta del mercado interbancario: S/ 3,4160.",,
2026/09/24,01:26 pm,"Se colocaron S/ 500 millones de Swap Cambiario Venta (tasa variable) a 3 meses, a una tasa promedio de 2,18 por ciento.",500.0,S/
2026/09/24,01:20 pm,"Se colocaron CDV BCRP a 6 meses por S/ 200 millones a un margen promedio de 0,00 por ciento.",200.0,S/
2026/09/24,01:15 pm,Se convocó a la siguiente subasta: Swap Cambiario Venta (tasa variable) a 3 meses por S/ 500 millones.,500.0,S/
2026/09/24,12:30 pm,Convocatoria de las siguientes subastas: (a) CDV BCRP a 6 meses S/ 200 millones y (b) Depósitos Overnight S/ 4 600 millones.,200.0,S/
2026/09/24,12:05 pm,Liquidez inicial de las empresas bancarias en el BCRP: S/ 9 300 millones.,9300.0,S/
2026/09/24,10:35 am,"Se colocaron S/ 890 millones de Depósitos a 1 semana a una tasa promedio de 4,25 por ciento.",890.0,S/
2026/09/24,10:05 am,"Se colocaron S/ 3 000,2 millones de Depósitos Overnight a una tasa promedio de 4,25 por ciento.",3000.2,S/
2026/09/24,09:05 am,Convocatoria de las siguientes subastas: (a) Depósitos a 1 semana S/ 1 000 millones y (b) Depósitos Overnight S/ 3 000 millones.,1000.0,S/
2026/09/24,09:00 am,Liquidez inicial de las empresas bancarias en el BCRP: S/ 12 900 millones.,12900.0,S/
2026/09/24,08:30 am,"Vencimientos de instrumentos del BCRP del día de hoy: (a) CD BCRP S/ 750 millones y (b) Depósitos BCRP S/ 8 241,9 millones.",750.0,S/
2026/09/23,07:00 pm,"Saldo de la cuenta corriente de las empresas bancarias en el BCRP al cierre de operaciones: S/ 5 072,5 millones.",5072.5,S/
2026/09/23,06:30 pm,"Monto total Negociado en el Mercado Cambiario Spot Interbancario: US$ 697,4 millones",697.4,US$
2026/09/23,04:40 pm,"Tasa Interbancaria Overnight (TIBO) en moneda nacional: 4,25 por ciento.",,
2026/09/23,01:40 pm,"Se colocaron S/ 4 200 millones de Depósitos Overnight a una tasa promedio de 4,23 por ciento.",4200.0,S/
2026/09/23,01:30 pm,"Tipo de cambio - Venta del mercado interbancario: S/ 3,3930.",,
2026/09/23,01:20 pm,"Se colocaron S/ 500 millones de Depósitos a 1 semana a una tasa promedio de 4,25 por ciento.",500.0,S/
2026/09/23,12:30 pm,Convocatoria de las siguientes subastas: (a) Depósitos a 1 semana S/ 500 millones y (b) Depósitos Overnight S/ 4 200 millones.,500.0,S/
2026/09/23,12:05 pm,Liquidez inicial de las empresas bancarias en el BCRP: S/ 9 200 millones.,9200.0,S/
2026/09/23,11:05 am,La subasta de CD BCRP a 18 meses por S/ 10 millones se declaró desierta.,10.0,S/
2026/09/23,10:35 am,"Se colocaron S/ 999,9 millones de Depósitos a 1 semana a una tasa promedio de 4,25 por ciento.",999.9,S/
2026/09/23,10:05 am,"Se colocaron S/ 2 500 millones de Depósitos Overnight a una tasa promedio de 4,24 por ciento.",2500.0,S/
2026/09/23,09:05 am,"Convocatoria de las siguientes subastas: (a) CD BCRP a 18 meses S/ 10 millones, (b) Depósitos a 1 semana S/ 1 000 millones y (c) Depósitos Overnight S/ 2 500 millones.",10.0,S/
2026/09/23,09:00 am,Liquidez inicial de las empresas bancarias en el BCRP: S/ 11 700 millones.,11700.0,S/
2026/09/23,08:30 am,"Vencimientos de instrumentos del BCRP del día de hoy: (a) Depósitos BCRP S/ 8 986,2 millones.",8986.2,S/
2026/09/22,07:00 pm,"Saldo de la cuenta corriente de las empresas bancarias en el BCRP al cierre de operaciones: S/ 4 884,6 millones.",4884.6,S/
2026/09/22,06:30 pm,"Monto total Negociado en el Mercado Cambiario Spot Interbancario: US$ 645,1 millones",645.1,US$
2026/09/22,04:45 pm,"Tasa Interbancaria Overnight (TIBO) en moneda nacional: 4,25 por ciento.",,
2026/09/22,01:40 pm,"Se colocaron S/ 3 999,9 millones de Depósitos Overnight a una tasa promedio de 4,22 por ciento.",3999.9,S/
2026/09/22,01:30 pm,"Tipo de cambio - Venta del mercado interbancario: S/ 3,3660.",,
2026/09/22,01:20 pm,"Se colocaron S/ 1 500 millones de Depósitos a 1 semana a una tasa promedio de 4,25 por ciento.",1500.0,S/
2026/09/22,01:05 pm,"Se colocaron CDV BCRP a 6 meses por S/ 200 millones a un margen promedio de 0,00 por ciento.",200.0,S/
2026/09/22,12:30 pm,"Convocatoria de las siguientes subastas: (a) CDV BCRP a 6 meses S/ 200 millones, (b) Depósitos a 1 semana S/ 1 500 millones y (c) Depósitos Overnight S/ 4 000 millones.",200.0,S/
2026/09/22,12:05 pm,Liquidez inicial de las empresas bancarias en el BCRP: S/ 10 200 millones.,10200.0,S/
2026/09/22,11:05 am,"Se colocaron S/ 30 millones de CD BCRP a 12 meses a una tasa promedio de 4,24 por ciento.",30.0,S/
2026/09/22,10:35 am,"Se colocaron S/ 999,9 millones de Depósitos a 1 semana a una tasa promedio de 4,25 por ciento.",999.9,S/
2026/09/22,10:05 am,"Se colocaron S/ 3 500,2 millones de Depósitos Overnight a una tasa promedio de 4,24 por ciento.",3500.2,S/
2026/09/22,09:04 am,"Convocatoria de las siguientes subastas: (a) CD BCRP a 12 meses S/ 30 millones, (b) Depósitos a 1 semana S/ 1 000 millones y (c) Depósitos Overnight S/ 3 500 millones.",30.0,S/
2026/09/22,09:03 am,Liquidez inicial de las empresas bancarias en el BCRP: S/ 13 800 millones.,13800.0,S/
2026/09/22,08:30 am,"Vencimientos de instrumentos del BCRP del día de hoy: (a) Depósitos BCRP S/ 9 844,2 millones.",9844.2,S/
2026/09/21,07:00 pm,"Saldo de la cuenta corriente de las empresas bancarias en el BCRP al cierre de operaciones: S/ 5 883,3 millones.",5883.3,S/
2026/09/21,06:30 pm,"Monto total Negociado en el Mercado Cambiario Spot Interbancario: US$ 325,0 millones",325.0,US$
2026/09/21,04:45 pm,"Tasa Interbancaria Overnight (TIBO) en moneda nacional: 4,25 por ciento.",,
2026/09/21,01:38 pm,"Se colocaron S/ 4 300 millones de Depósitos Overnight a una tasa promedio de 4,22 por ciento.",4300.0,S/
2026/09/21,01:30 pm,"Tipo de cambio - Venta del mercado interbancario: S/ 3,3560.",,
2026/09/21,01:21 pm,"Se colocaron S/ 1 000 millones de Depósitos a 1 semana a una tasa promedio de 4,24 por ciento.",1000.0,S/
2026/09/21,01:02 pm,"Se colocaron CDV BCRP a 6 meses por S/ 200 millones a un margen promedio de 0,00 por ciento.",200.0,S/
2026/09/21,12:32 pm,"Convocatoria de las siguientes subastas: (a) CDV BCRP a 6 meses S/ 200 millones, (b)  Depósitos a 1 semana S/ 1 000 millones y (c) Depósitos Overnight S/ 4 300 millones.",200.0,S/
2026/09/21,12:05 pm,Liquidez inicial de las empresas bancarias en el BCRP: S/ 10 500 millones.,10500.0,S/
2026/09/21,10:35 am,"Se colocaron S/ 999,9 millones de Depósitos a 1 semana a una tasa promedio de 4,25 por ciento.",999.9,S/
2026/09/21,10:05 am,"Se colocaron S/ 4 000 millones de Depósitos Overnight a una tasa promedio de 4,25 por ciento.",4000.0,S/
2026/09/21,09:15 am,Convocatoria de las siguientes subastas: (a) Depósitos a 1 semana S/ 1 000 millones y (b) Depósitos Overnight S/ 4 000 millones.,1000.0,S/
2026/09/21,09:00 am,Liquidez inicial de las empresas bancarias en el BCRP: S/ 15 800 millones.,15800.0,S/
2026/09/21,08:30 am,"Vencimientos de instrumentos del BCRP del día de hoy: (a) Depósitos BCRP S/ 10 114,7 millones.",10114.7,S/
2026/09/18,07:00 pm,"Saldo de la cuenta corriente de las empresas bancarias en el BCRP al cierre de operaciones: S/ 6 111,9 millones.",6111.9,S/
2026/09/18,06:30 pm,"Monto total Negociado en el Mercado Cambiario Spot Interbancario: US$ 389,7 millones",389.7,US$
2026/09/18,04:45 pm,"Tasa Interbancaria Overnight (TIBO) en moneda nacional: 4,25 por ciento.",,
2026/09/18,01:40 pm,"Se colocaron S/ 4 068 millones de Depósitos Overnight a una tasa promedio de 4,22 por ciento.",4068.0,S/
2026/09/18,01:30 pm,"Tipo de cambio - Venta del mercado interbancario: S/ 3,3610.",,
2026/09/18,01:30 pm,"Se colocaron S/ 500 millones de Depósitos a 1 semana a una tasa promedio de 4,22 por ciento.",500.0,S/
2026/09/18,01:20 pm,"Se colocaron CDV BCRP a 6 meses por S/ 300 millones a un margen promedio de 0,00 por ciento.",300.0,S/
2026/09/18,01:10 pm,"Se colocaron S/ 500 millones de Repo de Valores a 3 meses a una tasa promedio de 4,56 por ciento.",500.0,S/
2026/09/18,12:30 pm,"Convocatoria de las siguientes subastas: (a) CDV BCRP a 6 meses S/ 300 millones, (b) Depósitos a 1 semana S/ 500 millones, (c) Depósitos Overnight S/ 4 100 millones y (d) Repo de Valores a 3 meses S/ 500 millones.",300.0,S/
2026/09/18,12:05 pm,Liquidez inicial de las empresas bancarias en el BCRP: S/ 9 900 millones.,9900.0,S/
2026/09/18,10:35 am,"Se colocaron S/ 500,1 millones de Depósitos a 1 semana a una tasa promedio de 4,25 por ciento.",500.1,S/
2026/09/18,10:05 am,"Se colocaron S/ 3 463,5 millones de Depósitos Overnight a una tasa promedio de 4,25 por ciento.",3463.5,S/
2026/09/18,09:10 am,Convocatoria de las siguientes subastas: (a) Depósitos a 1 semana S/ 500 millones y (b) Depósitos Overnight S/ 3 500 millones.,500.0,S/
2026/09/18,09:00 am,Liquidez inicial de las empresas bancarias en el BCRP: S/ 13 000 millones.,13000.0,S/
2026/09/18,08:30 am,"Vencimientos de instrumentos del BCRP del día de hoy: (a) Repo de Valores S/ 500 millones, (b) Depósitos BCRP S/ 10 275,6 millones y (c) Swap Cambiario Compra S/ 500 millones.",500.0,S/
2026/09/17,06:30 pm,"Monto total Negociado en el Mercado Cambiario Spot Interbancario: US$ 505,0 millones",505.0,US$
2026/09/17,05:00 pm,"Tasa Interbancaria Overnight (TIBO) en moneda nacional: 4,25 por ciento.",,
2026/09/17,01:40 pm,"Se colocaron S/ 5 220,6 millones de Depósitos Overnight a una tasa promedio de 4,25 por ciento.",5220.6,S/
2026/09/17,01:30 pm,"Tipo de cambio - Venta del mercado interbancario: S/ 3,3580.",,
2026/09/17,01:25 pm,"Se colocaron S/ 699,9 millones de Depósitos a 1 semana a una tasa promedio de 4,24 por ciento.",699.9,S/
2026/09/17,01:15 pm,"Se colocaron CDV BCRP a 9 meses por S/ 100 millones a un margen promedio de 0,00 por ciento.",100.0,S/
2026/09/17,01:05 pm,"Se colocaron CDV BCRP a 6 meses por S/ 400 millones a un margen promedio de 0,00 por ciento.",400.0,S/
2026/09/17,12:30 pm,"Convocatoria de las siguientes subastas: (a) CDV BCRP a 6 meses S/ 400 millones, (b) CDV BCRP a 9 meses S/ 100 millones, (c) Depósitos a 1 semana S/ 700 millones y (d) Depósitos Overnight S/ 5 600 millones.",400.0,S/
2026/09/17,12:05 pm,Liquidez inicial de las empresas bancarias en el BCRP: S/ 12 800 millones.,12800.0,S/
2026/09/17,10:35 am,"Se colocaron S/ 842 millones de Depósitos a 1 semana a una tasa promedio de 4,25 por ciento.",842.0,S/
2026/09/17,10:05 am,"Se colocaron S/ 4 055 millones de Depósitos Overnight a una tasa promedio de 4,25 por ciento.",4055.0,S/
2026/09/17,09:15 am,Convocatoria de las siguientes subastas: (a) Depósitos a 1 semana S/ 1 000 millones y (b) Depósitos Overnight S/ 5 000 millones.,1000.0,S/
2026/09/17,09:00 am,Liquidez inicial de las empresas bancarias en el BCRP: S/ 17 000 millones.,17000.0,S/
2026/09/17,08:30 am,"Vencimientos de instrumentos del BCRP del día de hoy: (a) CD BCRP S/ 600,2 millones, (b) Depósitos BCRP S/ 11 294 millones y (c) Swap Cambiario Compra S/ 400 millones.",600.2,S/
2026/09/16,06:30 pm,"Monto total Negociado en el Mercado Cambiario Spot Interbancario: US$ 300,3 millones",300.3,US$
2026/09/16,04:38 pm,"Tasa Interbancaria Overnight (TIBO) en moneda nacional: 4,25 por ciento.",,
2026/09/16,01:40 pm,"Se colocaron S/ 5 671,4 millones de Depósitos Overnight a una tasa promedio de 4,24 por ciento.",5671.4,S/
2026/09/16,01:30 pm,"Tipo de cambio - Venta del mercado interbancario: S/ 3,3700.",,
2026/09/16,01:05 pm,"Se colocaron CDV BCRP a 6 meses por S/ 300 millones a un margen promedio de -0,02 por ciento.",300.0,S/
2026/09/16,12:30 pm,Convocatoria de las siguientes subastas: (a) CDV BCRP a 6 meses S/ 300 millones y (b) Depósitos Overnight S/ 6 400 millones.,300.0,S/
2026/09/16,12:05 pm,Liquidez inicial de las empresas bancarias en el BCRP: S/ 12 700 millones.,12700.0,S/
2026/09/16,11:05 am,"Se colocaron S/ 10 millones de CD BCRP a 18 meses a una tasa promedio de 4,24 por ciento.",10.0,S/
2026/09/16,10:35 am,"Se colocaron S/ 986 millones de Depósitos a 1 semana a una tasa promedio de 4,25 por ciento.",986.0,S/
2026/09/16,10:05 am,"Se colocaron S/ 4 122,8 millones de Depósitos Overnight a una tasa promedio de 4,25 por ciento.",4122.8,S/
2026/09/16,09:30 am,"Convocatoria de las siguientes subastas: (a) CD BCRP a 18 meses S/ 10 millones, (b) Depósitos a 1 semana S/ 1 000 millones y (c) Depósitos Overnight S/ 5 000 millones.",10.0,S/
2026/09/16,09:00 am,Liquidez inicial de las empresas bancarias en el BCRP: S/ 17 200 millones.,17200.0,S/
2026/09/16,08:30 am,"Vencimientos de instrumentos del BCRP del día de hoy: (a) Depósitos BCRP S/ 11 005,1 millones y (b) Swap Cambiario Compra S/ 700 millones.",11005.1,S/
2026/09/15,06:30 pm,"Monto total Negociado en el Mercado Cambiario Spot Interbancario: US$ 362,9 millones",362.9,US$
2026/09/15,04:45 pm,"Tasa Interbancaria Overnight (TIBO) en moneda nacional: 4,25 por ciento.",,
2026/09/15,01:50 pm,"Se colocaron S/ 5 006,7 millones de Depósitos Overnight a una tasa promedio de 4,23 por ciento.",5006.7,S/
2026/09/15,01:30 pm,"Tipo de cambio - Venta del mercado interbancario: S/ 3,3720.",,
2026/09/15,01:25 pm,"Se colocaron S/ 44 millones de Depósitos a 1 semana a una tasa promedio de 4,24 por ciento.",44.0,S/
2026/09/15,01:10 pm,"Se colocaron CDV BCRP a 6 meses por S/ 200 millones a un margen promedio de 0,00 por ciento.",200.0,S/
2026/09/15,12:30 pm,"Convocatoria de las siguientes subastas: (a) CDV BCRP a 6 meses S/ 200 millones, (b) Depósitos a 1 semana S/ 500 millones y (c) Depósitos Overnight S/ 5 300 millones.",200.0,S/
2026/09/15,12:05 pm,Liquidez inicial de las empresas bancarias en el BCRP: S/ 12 500 millones.,12500.0,S/
2026/09/15,11:11 am,"Se colocaron S/ 30 millones de CD BCRP a 12meses a una tasa promedio de 4,22 por ciento.",30.0,S/
2026/09/15,10:54 am,"Se colocaron S/ 1 000,1 millones de Depósitos a 1 semana a una tasa promedio de 4,25 por ciento.",1000.1,S/
2026/09/15,10:06 am,"Se colocaron S/ 3 489,5 millones de Depósitos Overnight a una tasa promedio de 4,24 por ciento.",3489.5,S/
2026/09/15,09:05 am,"Convocatoria de las siguientes subastas: (a) CD BCRP a 12 meses S/ 30 millones, (b) Depósitos a 1 semana S/ 1 000 millones y (c) Depósitos Overnight S/ 4 000 millones.",30.0,S/
2026/09/15,09:00 am,Liquidez inicial de las empresas bancarias en el BCRP: S/ 16 500 millones.,16500.0,S/
2026/09/15,08:30 am,"Vencimientos de instrumentos del BCRP del día de hoy: (a) Depósitos BCRP S/ 9 954,1 millones y (b) Swap Cambiario Compra S/ 400 millones.",9954.1,S/
2026/09/14,06:30 pm,"Monto total Negociado en el Mercado Cambiario Spot Interbancario: US$ 442,3 millones",442.3,US$
2026/09/14,04:45 pm,"Tasa Interbancaria Overnight (TIBO) en moneda nacional: 4,25 por ciento.",,
2026/09/14,01:37 pm,"Se colocaron S/ 4 929,3 millones de Depósitos Overnight a una tasa promedio de 4,22 por ciento.",4929.3,S/
2026/09/14,01:30 pm,"Tipo de cambio - Venta del mercado interbancario: S/ 3,3810.",,
2026/09/14,01:20 pm,"Se colocaron S/ 1 000 millones de Depósitos a 1 semana a una tasa promedio de 4,25 por ciento.",1000.0,S/
2026/09/14,12:30 pm,Convocatoria de las siguientes subastas: (a) Depósitos a 1 semana S/ 1 000 millones y (b) Depósitos Overnight S/ 5 200 millones.,1000.0,S/
2026/09/14,12:05 pm,Liquidez inicial de las empresas bancarias en el BCRP: S/ 12 200 millones.,12200.0,S/
2026/09/14,10:35 am,"Se colocaron S/ 1 000 millones de Depósitos a 1 semana a una tasa promedio de 4,24 por ciento.",1000.0,S/
2026/09/14,10:05 am,"Se colocaron S/ 3 508,9 millones de Depósitos Overnight a una tasa promedio de 4,24 por ciento.",3508.9,S/
2026/09/14,09:20 am,Convocatoria de las siguientes subastas: (a) Depósitos a 1 semana S/ 1 000 millones y (b) Depósitos Overnight S/ 4 000 millones.,1000.0,S/
2026/09/14,09:00 am,Liquidez inicial de las empresas bancarias en el BCRP: S/ 16 200 millones.,16200.0,S/
2026/09/14,08:30 am,"Vencimientos de instrumentos del BCRP del día de hoy: (a) Depósitos BCRP S/ 7 835,7 millones y (b) Swap Cambiario Compra S/ 400 millones.",7835.7,S/
2026/09/11,06:30 pm,"Monto total Negociado en el Mercado Cambiario Spot Interbancario: US$ 260,0 millones",260.0,US$
2026/09/11,04:45 pm,"Tasa Interbancaria Overnight (TIBO) en moneda nacional: 4,25 por ciento.",,
2026/09/11,01:40 pm,"Se colocaron S/ 2 835,8 millones de Depósitos Overnight a una tasa promedio de 4,20 por ciento.",2835.8,S/
2026/09/11,01:30 pm,"Tipo de cambio - Venta del mercado interbancario: S/ 3,3650.",,
2026/09/11,01:20 pm,"Se colocaron S/ 1 000 millones de Depósitos a 1 semana a una tasa promedio de 4,25 por ciento.",1000.0,S/
2026/09/11,01:10 pm,"Se colocaron S/ 500 millones de Repo de Valores a 3 meses a una tasa promedio de 4,56 por ciento.",500.0,S/
2026/09/11,12:30 pm,"Convocatoria de las siguientes subastas: (a) Depósitos a 1 semana S/ 1 000 millones, (b) Depósitos Overnight S/ 3 600 millones y (c) Repo de Valores a 3 meses S/ 500 millones.",1000.0,S/
2026/09/11,12:00 pm,Liquidez inicial de las empresas bancarias en el BCRP: S/ 10 600 millones.,10600.0,S/
2026/09/11,10:00 am,"Se colocaron S/ 3 500,1 millones de Depósitos Overnight a una tasa promedio de 4,24 por ciento.",3500.1,S/
2026/09/11,09:20 am,Convocatoria de las siguientes subastas: (a) Depósitos Overnight S/ 3 500 millones.,3500.0,S/
2026/09/11,09:00 am,Liquidez inicial de las empresas bancarias en el BCRP: S/ 13 500 millones.,13500.0,S/
2026/09/11,08:30 am,"Vencimientos de instrumentos del BCRP del día de hoy: (a) Repo de Valores S/ 600 millones, (b) Depósitos BCRP S/ 8 771,8 millones, (c) Swap Cambiario Compra S/ 200 millones y (d) Swap Cambiario Venta S/ 36,2 millones.",600.0,S/
2026/09/10,07:00 pm,"Saldo de la cuenta corriente de las empresas bancarias en el BCRP al cierre de operaciones: S/ 7 900,6 millones.",7900.6,S/
2026/09/10,06:30 pm,"Monto total Negociado en el Mercado Cambiario Spot Interbancario: US$ 455,4 millones",455.4,US$
2026/09/10,04:45 pm,"Tasa Interbancaria Overnight (TIBO) en moneda nacional: 4,25 por ciento.",,
2026/09/10,01:40 pm,"S/ 4 268,5 millones de Depósitos Overnight a una tasa promedio de 4,20 por ciento.",4268.5,S/
2026/09/10,01:30 pm,"Tipo de cambio - Venta del mercado interbancario: S/ 3,3740.",,
2026/09/10,01:21 pm,"Se colocaron S/ 500 millones de Depósitos a 1 semana a una tasa promedio de 4,23 por ciento.",500.0,S/
2026/09/10,01:05 pm,"S/ 300 millones de CD BCRP a 3 meses a una tasa promedio de 4,19 por ciento.",300.0,S/
2026/09/10,12:30 pm,"Convocatoria de las siguientes subastas: (a) CD BCRP a 3 meses S/ 300 millones, (b) Depósitos a 1 semana S/ 500 millones y (c) Depósitos Overnight S/ 4 500 millones.",300.0,S/
2026/09/10,12:05 pm,Liquidez inicial de las empresas bancarias en el BCRP: S/ 12 800 millones.,12800.0,S/
2026/09/10,10:33 am,"Se colocaron S/ 999,8 millones de Depósitos a 1 semana a una tasa promedio de 4,25 por ciento.",999.8,S/
2026/09/10,10:05 am,"Se colocaron S/ 3 500,1 millones de Depósitos Overnight a una tasa promedio de 4,24 por ciento.",3500.1,S/
2026/09/10,09:21 am,Convocatoria de las siguientes subastas: (a) Depósitos a 1 semana S/ 1 000 millones y (b) Depósitos Overnight S/ 3 500 millones.,1000.0,S/
2026/09/10,09:00 am,Liquidez inicial de las empresas bancarias en el BCRP: S/ 16 400 millones.,16400.0,S/
2026/09/10,08:30 am,"Vencimientos de instrumentos del BCRP del día de hoy: (a) Depósitos BCRP S/ 8 800 millones y (b) Swap Cambiario Venta S/ 333,3 millones.",8800.0,S/
2026/09/09,07:00 pm,"Saldo de la cuenta corriente de las empresas bancarias en el BCRP al cierre de operaciones: S/ 8 157,0 millones.",8157.0,S/
2026/09/09,06:30 pm,"Monto total Negociado en el Mercado Cambiario Spot Interbancario: US$ 376,7 millones",376.7,US$
2026/09/09,04:45 pm,"Tasa Interbancaria Overnight (TIBO) en moneda nacional: 4,25 por ciento.",,
2026/09/09,01:35 pm,"Se colocaron S/ 3 800 millones de Depósitos Overnight a una tasa promedio de 4,19 por ciento.",3800.0,S/
2026/09/09,01:30 pm,"Tipo de cambio - Venta del mercado interbancario: S/ 3,3570.",,
2026/09/09,01:20 pm,"Se colocaron S/ 1 000 millones de Depósitos a 1 semana a una tasa promedio de 4,25 por ciento.",1000.0,S/
2026/09/09,01:10 pm,"Se colocaron S/ 500,1 millones de Depósitos a 2 semanas a una tasa promedio de 4,25 por ciento.",500.1,S/
2026/09/09,01:05 pm,"Se colocaron S/ 300 millones de CD BCRP a 3 meses a una tasa promedio de 4,16 por ciento.",300.0,S/
2026/09/09,12:30 pm,"Convocatoria de las siguientes subastas: (a) CD BCRP a 3 meses S/ 300 millones, (b) Depósitos a 2 semanas S/ 500 millones, (c) Depósitos a 1 semana S/ 1 000 millones y (d) Depósitos Overnight S/ 3 800 millones.",300.0,S/
2026/09/09,12:05 pm,Liquidez inicial de las empresas bancarias en el BCRP: S/ 13 100 millones.,13100.0,S/
2026/09/09,11:10 am,"Se colocaron S/ 10 millones de CD BCRP a 18 meses a una tasa promedio de 4,21 por ciento.",10.0,S/
2026/09/09,10:30 am,"Se colocaron S/ 999,9 millones de Depósitos a 1 semana a una tasa promedio de 4,25 por ciento.",999.9,S/
2026/09/09,10:05 am,"Se colocaron S/ 3 500 millones de Depósitos Overnight a una tasa promedio de 4,23 por ciento.",3500.0,S/
2026/09/09,09:05 am,"Convocatoria de las siguientes subastas: (a) CD BCRP a 18 meses S/ 10 millones, (b) Depósitos a 1 semana S/ 1 000 millones y (c) Depósitos Overnight S/ 3 500 millones.",10.0,S/
2026/09/09,09:00 am,Liquidez inicial de las empresas bancarias en el BCRP: S/ 16 800 millones.,16800.0,S/
2026/09/09,08:30 am,"Vencimientos de instrumentos del BCRP del día de hoy: (a) CD BCRP S/ 1 911 millones, (b) Depósitos BCRP S/ 8 406,7 millones, (c) Repo de monedas (Regular) S/ 200 millones, (d) Swap Cambiario Compra S/ 320 millones y (e) Swap Cambiario Venta S/ 274,1 millones.",1911.0,S/
2026/09/08,07:00 pm,"Saldo de la cuenta corriente de las empresas bancarias en el BCRP al cierre de operaciones: S/ 7 990,9 millones.",7990.9,S/
2026/09/08,06:30 pm,"Monto total Negociado en el Mercado Cambiario Spot Interbancario: US$ 277,7 millones",277.7,US$
2026/09/08,04:30 pm,"Tasa Interbancaria Overnight (TIBO) en moneda nacional: 4,25 por ciento.",,
2026/09/08,01:50 pm,"Se colocaron S/ 2 000 millones de Depósitos Overnight a una tasa promedio de 4,17 por ciento.",2000.0,S/
2026/09/08,01:45 pm,Convocatoria de las siguientes subastas: (a) Depósitos Overnight S/ 2 000 millones.,2000.0,S/
2026/09/08,01:35 pm,"Se colocaron S/ 2 400 millones de Depósitos Overnight a una tasa promedio de 4,20 por ciento.",2400.0,S/
2026/09/08,01:30 pm,"Tipo de cambio - Venta del mercado interbancario: S/ 3,3550.",,
2026/09/08,01:15 pm,"Se colocaron S/ 1 499,9 millones de Depósitos a 1 semana a una tasa promedio de 4,25 por ciento.",1499.9,S/
2026/09/08,01:05 pm,"Se colocaron S/ 500,1 millones de Depósitos a 2 semanas a una tasa promedio de 4,25 por ciento.",500.1,S/
2026/09/08,12:30 pm,"Convocatoria de las siguientes subastas: (a) Depósitos a 2 semanas S/ 500 millones, (b) Depósitos a 1 semana S/ 1 500 millones y (c) Depósitos Overnight S/ 2 400 millones.",500.0,S/
2026/09/08,12:05 pm,Liquidez inicial de las empresas bancarias en el BCRP: S/ 14 400 millones.,14400.0,S/
2026/09/08,11:00 am,"Se colocaron S/ 50 millones de CD BCRP a 12 meses a una tasa promedio de 4,20 por ciento.",50.0,S/
2026/09/08,10:00 am,"Se colocaron S/ 1 999,9 millones de Depósitos Overnight a una tasa promedio de 4,22 por ciento.",1999.9,S/
2026/09/08,09:10 am,Convocatoria de las siguientes subastas: (a) CD BCRP a 12 meses S/ 50 millones y (b) Depósitos Overnight S/ 2 000 millones.,50.0,S/
2026/09/08,09:00 am,Liquidez inicial de las empresas bancarias en el BCRP: S/ 16 800 millones.,16800.0,S/
2026/09/08,08:30 am,"Vencimientos de instrumentos del BCRP del día de hoy: (a) Depósitos BCRP S/ 4 299,9 millones y (b) Swap Cambiario Venta S/ 200,5 millones.",4299.9,S/
2026/09/07,06:30 pm,"Monto total Negociado en el Mercado Cambiario Spot Interbancario: US$ 86,4 millones",86.4,US$
2026/09/07,04:40 pm,"Tasa Interbancaria Overnight (TIBO) en moneda nacional: 4,25 por ciento.",,
2026/09/07,01:35 pm,"Se colocaron S/ 3 300 millones de Depósitos Overnight a una tasa promedio de 4,21 por ciento.",3300.0,S/
2026/09/07,01:30 pm,"Tipo de cambio - Venta del mercado interbancario: S/ 3,3600.",,
2026/09/07,01:15 pm,"Se colocaron S/ 1 499,8 millones de Depósitos a 1 semana a una tasa promedio de 4,25 por ciento.",1499.8,S/
2026/09/07,01:05 pm,"Se colocaron S/ 500,2 millones de Depósitos a 2 semanas a una tasa promedio de 4,25 por ciento.",500.2,S/
2026/09/07,12:30 pm,"Convocatoria de las siguientes subastas: (a) Depósitos a 2 semanas S/ 500 millones, (b) Depósitos a 1 semana S/ 1 500 millones y (c) Depósitos Overnight S/ 3 300 millones.",500.0,S/
2026/09/07,12:05 pm,Liquidez inicial de las empresas bancarias en el BCRP: S/ 18 300 millones.,18300.0,S/
2026/09/07,09:00 am,Liquidez inicial de las empresas bancarias en el BCRP: S/ 18 400 millones.,18400.0,S/
2026/09/07,08:30 am,Vencimientos de instrumentos del BCRP del día de hoy: (a) Depósitos BCRP S/ 1 404 millones.,1404.0,S/
2026/09/04,07:00 pm,"Saldo de la cuenta corriente de las empresas bancarias en el BCRP al cierre de operaciones: S/ 15 089,6 millones.",15089.6,S/
2026/09/04,06:30 pm,"Monto total Negociado en el Mercado Cambiario Spot Interbancario: US$ 359,4 millones",359.4,US$
2026/09/04,04:35 pm,"Tasa Interbancaria Overnight (TIBO) en moneda nacional: 4,25 por ciento.",,
2026/09/04,01:35 pm,"Se colocaron S/ 1 400 millones de Depósitos Overnight a una tasa promedio de 4,22 por ciento.",1400.0,S/
2026/09/04,01:30 pm,"Tipo de cambio - Venta del mercado interbancario: S/ 3,3640.",,
2026/09/04,01:15 pm,"Se colocaron S/ 1 000,2 millones de Depósitos a 1 semana a una tasa promedio de 4,25 por ciento.",1000.2,S/
2026/09/04,01:05 pm,"Se colocaron S/ 500 millones de Repo de Valores a 3 meses a una tasa promedio de 4,56 por ciento.",500.0,S/
2026/09/04,12:30 pm,"Convocatoria de las siguientes subastas: (a) Depósitos a 1 semana S/ 1 000 millones, (b) Depósitos Overnight S/ 1 400 millones y (c) Repo de Valores a 3 meses S/ 500 millones.",1000.0,S/
2026/09/04,12:05 am,Liquidez inicial de las empresas bancarias en el BCRP: S/ 16 400 millones.,16400.0,S/
2026/09/04,09:00 am,Liquidez inicial de las empresas bancarias en el BCRP: S/ 16 400 millones.,16400.0,S/
2026/09/04,08:29 am,"Vencimientos de instrumentos del BCRP del día de hoy: (a) Repo de Valores S/ 500 millones, (b) Depósitos BCRP S/ 3 200,2 millones y (c) Swap Cambiario Venta S/ 112,5 millones.",500.0,S/
2026/09/03,07:00 pm,"Saldo de la cuenta corriente de las empresas bancarias en el BCRP al cierre de operaciones: S/ 15 561,0 millones.",15561.0,S/
2026/09/03,06:30 pm,"Monto total Negociado en el Mercado Cambiario Spot Interbancario: US$ 270,9 millones",270.9,US$
2026/09/03,04:45 pm,"Tasa Interbancaria Overnight (TIBO) en moneda nacional: 4,25 por ciento.",,
2026/09/03,01:39 pm,"Se colocaron S/ 1 700 millones de Depósitos Overnight a una tasa promedio de 4,23 por ciento.",1700.0,S/
2026/09/03,01:30 pm,"Tipo de cambio - Venta del mercado interbancario: S/ 3,3610.",,
2026/09/03,01:20 pm,"Se colocaron S/ 1 500 millones de Depósitos a 1 semana a una tasa promedio de 4,23 por ciento.",1500.0,S/
2026/09/03,12:30 pm,Convocatoria de las siguientes subastas: (a) Depósitos a 1 semana S/ 1 500 millones y (b) Depósitos Overnight S/ 1 700 millones.,1500.0,S/
2026/09/03,12:05 pm,Liquidez inicial de las empresas bancarias en el BCRP: S/ 18 700 millones.,18700.0,S/
2026/09/03,09:00 am,Liquidez inicial de las empresas bancarias en el BCRP: S/ 18 600 millones.,18600.0,S/
2026/09/03,08:30 am,"Vencimientos de instrumentos del BCRP del día de hoy: (a) CD BCRP S/ 1 100 millones, (b) Depósitos BCRP S/ 1 600 millones y (c) Swap Cambiario Venta S/ 126 millones.",1100.0,S/
2026/09/02,07:00 pm,"Saldo de la cuenta corriente de las empresas bancarias en el BCRP al cierre de operaciones: S/ 15 771,9 millones.",15771.9,S/
2026/09/02,06:30 pm,"Monto total Negociado en el Mercado Cambiario Spot Interbancario: US$ 347,3 millones",347.3,US$
2026/09/02,04:45 pm,"Tasa Interbancaria Overnight (TIBO) en moneda nacional: 4,25 por ciento.",,
2026/09/02,01:35 pm,"Se colocaron S/ 600 millones de Depósitos Overnight a una tasa promedio de 4,21 por ciento.",600.0,S/
2026/09/02,01:30 pm,"Tipo de cambio - Venta del mercado interbancario: S/ 3,3640.",,
2026/09/02,01:15 pm,"Se colocaron S/ 1 499,9 millones de Depósitos a 1 semana a una tasa promedio de 4,23 por ciento.",1499.9,S/
2026/09/02,01:05 pm,"Se colocaron S/ 500 millones de Depósitos a 2 semanas a una tasa promedio de 4,22 por ciento.",500.0,S/
2026/09/02,12:30 pm,"Convocatoria de las siguientes subastas: (a) Depósitos a 2 semanas S/ 500 millones, (b) Depósitos a 1 semana S/ 1 500 millones y (c) Depósitos Overnight S/ 600 millones.",500.0,S/
2026/09/02,12:00 pm,Liquidez inicial de las empresas bancarias en el BCRP: S/ 18 100 millones.,18100.0,S/
2026/09/02,11:05 am,"Se colocaron S/ 10 millones de CD BCRP a 18 meses a una tasa promedio de 4,18 por ciento.",10.0,S/
2026/09/02,09:15 am,Convocatoria de las siguientes subastas: (a) CD BCRP a 18 meses S/ 10 millones.,10.0,S/
2026/09/02,09:00 am,Liquidez inicial de las empresas bancarias en el BCRP: S/ 17 800 millones.,17800.0,S/
2026/09/02,08:30 am,"Vencimientos de instrumentos del BCRP del día de hoy: (a) Repo de Valores S/ 600 millones y (b) Depósitos BCRP S/ 2 554,7 millones.",600.0,S/
2026/09/01,07:00 pm,"Saldo de la cuenta corriente de las empresas bancarias en el BCRP al cierre de operaciones: S/ 15 901,3 millones.",15901.3,S/
2026/09/01,06:30 pm,"Monto total Negociado en el Mercado Cambiario Spot Interbancario: US$ 354,2 millones",354.2,US$
2026/09/01,04:30 pm,"Tasa Interbancaria Overnight (TIBO) en moneda nacional: 4,25 por ciento.",,
2026/09/01,01:30 pm,"Tipo de cambio - Venta del mercado interbancario: S/ 3,3620.",,
2026/09/01,01:28 pm,"Se colocaron S/ 200,1 millones de Swap Cambiario Compra (tasa variable) a 3 meses, a una tasa promedio de 3,05 por ciento.",200.1,S/
2026/09/01,01:23 pm,Se convocó a la siguiente subasta: Swap Cambiario Compra (tasa variable) a 3 meses por S/ 200 millones.,200.0,S/
2026/09/01,01:15 pm,"Se colocaron S/ 600 millones de Repo de Valores Overnight a una tasa promedio de 4,36 por ciento.",600.0,S/
2026/09/01,12:30 pm,Convocatoria de las siguientes subastas: (a) Repo de Valores Overnight S/ 600 millones.,600.0,S/
2026/09/01,12:00 pm,Liquidez inicial de las empresas bancarias en el BCRP: S/ 15 400 millones.,15400.0,S/
2026/09/01,11:00 am,"Se colocaron S/ 50 millones de CD BCRP a 12 meses a una tasa promedio de 4,16 por ciento.",50.0,S/
2026/09/01,09:10 am,Convocatoria de las siguientes subastas: (a) CD BCRP a 12 meses S/ 50 millones.,50.0,S/
2026/09/01,09:00 am,Liquidez inicial de las empresas bancarias en el BCRP: S/ 15 400 millones.,15400.0,S/
2026/09/01,08:30 am,"Vencimientos de instrumentos del BCRP del día de hoy: (a) Depósitos BCRP S/ 10 965,3 millones, (b) Swap Cambiario Compra S/ 499,9 millones y (c) Swap Cambiario Venta S/ 140 millones.",10965.3,S/
2026/08/31,07:00 pm,"Saldo de la cuenta corriente de las empresas bancarias en el BCRP al cierre de operaciones: S/ 6 068,0 millones.",6068.0,S/
2026/08/31,06:30 pm,"Monto total Negociado en el Mercado Cambiario Spot Interbancario: US$ 489,2 millones",489.2,US$
2026/08/31,04:45 pm,"Tasa Interbancaria Overnight (TIBO) en moneda nacional: 4,25 por ciento.",,
2026/08/31,01:35 pm,"Se colocaron S/ 3 632,2 millones de Depósitos Overnight a una tasa promedio de 4,21 por ciento.",3632.2,S/
2026/08/31,01:30 pm,"Tipo de cambio - Venta del mercado interbancario: S/ 3,3710.",,
2026/08/31,01:18 pm,"Se colocaron S/ 200 millones de Swap Cambiario Venta (tasa variable) a 3 meses, a una tasa promedio de 2,39 por ciento.",200.0,S/
2026/08/31,01:00 pm,Se convocó a la siguiente subasta: Swap Cambiario Venta (tasa variable) a 3 meses por S/ 200 millones.,200.0,S/
2026/08/31,12:30 pm,Convocatoria de las siguientes subastas: (a) Depósitos Overnight S/ 6 400 millones.,6400.0,S/
2026/08/31,12:00 pm,Liquidez inicial de las empresas bancarias en el BCRP: S/ 9 400 millones.,9400.0,S/
2026/08/31,10:00 am,"Se colocaron S/ 3 939 millones de Depósitos Overnight a una tasa promedio de 4,24 por ciento.",3939.0,S/
2026/08/31,09:05 am,Convocatoria de la siguiente subasta: (a) Depósitos Overnight S/ 5 000 millones.,5000.0,S/
2026/08/31,09:00 am,Liquidez inicial de las empresas bancarias en el BCRP: S/ 13 000 millones.,13000.0,S/
2026/08/31,08:30 am,Vencimientos de instrumentos del BCRP del día de hoy: (a) Depósitos BCRP S/ 9 991 millones.,9991.0,S/
2026/08/28,07:00 pm,"Saldo de la cuenta corriente de las empresas bancarias en el BCRP al cierre de operaciones: S/ 2 473,2 millones.",2473.2,S/
2026/08/28,06:30 pm,"Monto total Negociado en el Mercado Cambiario Spot Interbancario: US$ 498,2 millones",498.2,US$
2026/08/28,04:35 pm,"Tasa Interbancaria Overnight (TIBO) en moneda nacional: 4,25 por ciento.",,
2026/08/28,01:35 pm,"Se colocaron S/ 5 339,6 millones de Depósitos Overnight a una tasa promedio de 4,20 por ciento.",5339.6,S/
2026/08/28,01:30 pm,"Tipo de cambio - Venta del mercado interbancario: S/ 3,3580.",,
2026/08/28,01:15 pm,"Se colocaron S/ 1 000,1 millones de Depósitos a 1 semana a una tasa promedio de 4,24 por ciento.",1000.1,S/
2026/08/28,12:30 pm,Convocatoria de las siguientes subastas: (a) Depósitos a 1 semana S/ 1 000 millones y (b) Depósitos Overnight S/ 6 000 millones.,1000.0,S/
2026/08/28,12:05 pm,Liquidez inicial de las empresas bancarias en el BCRP: S/ 9 000 millones.,9000.0,S/
2026/08/28,10:00 am,"Se colocaron S/ 3 107 millones de Depósitos Overnight a una tasa promedio de 4,24 por ciento.",3107.0,S/
2026/08/28,09:10 am,Convocatoria de las siguientes subastas: (a) Depósitos Overnight S/ 5 000 millones.,5000.0,S/
2026/08/28,09:00 am,Liquidez inicial de las empresas bancarias en el BCRP: S/ 12 000 millones.,12000.0,S/
2026/08/28,08:30 am,"Vencimientos de instrumentos del BCRP del día de hoy: (a) Repo de Valores S/ 300 millones, (b) Depósitos BCRP S/ 11 264,8 millones y (c) Swap Cambiario Compra S/ 200 millones.",300.0,S/
2026/08/27,07:00 pm,"Saldo de la cuenta corriente de las empresas bancarias en el BCRP al cierre de operaciones: S/ 3 143,6 millones.",3143.6,S/
2026/08/27,06:30 pm,"Monto total Negociado en el Mercado Cambiario Spot Interbancario: US$ 351,4 millones",351.4,US$
2026/08/27,04:45 pm,"Tasa Interbancaria Overnight (TIBO) en moneda nacional: 4,23 por ciento.",,
2026/08/27,01:40 pm,"Se colocaron S/ 5 856,1 millones de Depósitos Overnight a una tasa promedio de 4,21 por ciento.",5856.1,S/
2026/08/27,01:30 pm,"Tipo de cambio - Venta del mercado interbancario: S/ 3,3460.",,
2026/08/27,01:25 pm,"Se colocaron S/ 385 millones de CD BCRP (pago en dólares) a 2 meses a una tasa promedio de 4,24 por ciento.",385.0,S/
2026/08/27,01:22 pm,"Se colocaron S/ 400 millones de Swap Cambiario Compra (tasa variable) a 3 meses, a una tasa promedio de 3,05 por ciento.",400.0,S/
2026/08/27,01:19 pm,"Se colocaron S/ 1 000 millones de Depósitos a 1 semana a una tasa promedio de 4,24 por ciento.",1000.0,S/
2026/08/27,01:10 pm,Convocatoria de la siguiente subasta: CD BCRP (pago en dólares) a 2 meses S/ 300 millones.,300.0,S/
2026/08/27,01:09 pm,Se convocó a la siguiente subasta: Swap Cambiario Compra (tasa variable) a 3 meses por S/ 400 millones.,400.0,S/
2026/08/27,12:35 pm,Convocatoria de las siguientes subastas: (a) Depósitos a 1 semana S/ 1 000 millones y (b) Depósitos Overnight S/ 6 700 millones.,1000.0,S/
2026/08/27,12:00 pm,Liquidez inicial de las empresas bancarias en el BCRP: S/ 9 700 millones.,9700.0,S/
2026/08/27,10:05 am,"Se colocaron S/ 4 408,8 millones de Depósitos Overnight a una tasa promedio de 4,24 por ciento.",4408.8,S/
2026/08/27,09:30 am,Convocatoria de las siguientes subastas: (a) Depósitos Overnight S/ 5 500 millones.,5500.0,S/
2026/08/27,09:00 am,Liquidez inicial de las empresas bancarias en el BCRP: S/ 13 700 millones.,13700.0,S/
2026/08/27,08:30 am,"Vencimientos de instrumentos del BCRP del día de hoy: (a) CD BCRP S/ 1 280 millones y (b) Depósitos BCRP S/ 10 321,8 millones.",1280.0,S/
2026/08/26,07:00 pm,"Saldo de la cuenta corriente de las empresas bancarias en el BCRP al cierre de operaciones: S/ 10 922,5 millones.",10922.5,S/
2026/08/26,06:30 pm,"Monto total Negociado en el Mercado Cambiario Spot Interbancario: US$ 238,1 millones",238.1,US$
2026/08/26,04:48 pm,"Tasa Interbancaria Overnight (TIBO) en moneda nacional: 4,16 por ciento.",,
2026/08/26,01:35 pm,"Se colocaron S/ 4 700,1 millones de Depósitos Overnight a una tasa promedio de 4,21 por ciento.",4700.1,S/
2026/08/26,01:30 pm,"Tipo de cambio - Venta del mercado interbancario: S/ 3,3440.",,
2026/08/26,01:25 pm,"Se colocaron S/ 375 millones de CD BCRP (pago en dólares) a 3 meses a una tasa promedio de 4,21 por ciento.",375.0,S/
2026/08/26,01:21 pm,"Se colocaron S/ 399,9 millones de Swap Cambiario Compra (tasa variable) a 3 meses, a una tasa promedio de 2,99 por ciento.",399.9,S/
2026/08/26,01:16 pm,Se convocó a la siguiente subasta: Swap Cambiario Compra (tasa variable) a 3 meses por S/ 400 millones.,400.0,S/
2026/08/26,01:16 pm,Convocatoria de la siguiente subasta: CD BCRP (pago en dólares) a 3 meses S/ 300 millones.,300.0,S/
2026/08/26,01:15 pm,"Se colocaron S/ 984,7 millones de Depósitos a 1 semana a una tasa promedio de 4,24 por ciento.",984.7,S/
2026/08/26,01:05 pm,"Se colocaron S/ 499,9 millones de Depósitos a 2 semanas a una tasa promedio de 4,25 por ciento.",499.9,S/
2026/08/26,12:30 pm,"Convocatoria de las siguientes subastas: (a) Depósitos a 2 semanas S/ 500 millones, (b) Depósitos a 1 semana S/ 1 500 millones y (c) Depósitos Overnight S/ 4 700 millones.",500.0,S/
2026/08/26,12:05 pm,Liquidez inicial de las empresas bancarias en el BCRP: S/ 8 700 millones.,8700.0,S/
2026/08/26,11:00 am,"Se colocaron S/ 10 millones de CD BCRP a 18 meses a una tasa promedio de 4,15 por ciento.",10.0,S/
2026/08/26,10:30 am,"Se colocaron S/ 1 000,1 millones de Depósitos a 1 semana a una tasa promedio de 4,24 por ciento.",1000.1,S/
2026/08/26,10:00 am,"Se colocaron S/ 4 000,2 millones de Depósitos Overnight a una tasa promedio de 4,23 por ciento.",4000.2,S/
2026/08/26,09:20 am,"Convocatoria de las siguientes subastas: (a) CD BCRP a 18 meses S/ 10 millones, (b) Depósitos a 1 semana S/ 1 000 millones y (c) Depósitos Overnight S/ 4 000 millones.",10.0,S/
2026/08/26,09:00 am,Liquidez inicial de las empresas bancarias en el BCRP: S/ 13 900 millones.,13900.0,S/
2026/08/26,08:30 am,"Vencimientos de instrumentos del BCRP del día de hoy: (a) Depósitos BCRP S/ 11 620,3 millones.",11620.3,S/
2026/08/25,07:00 pm,"Saldo de la cuenta corriente de las empresas bancarias en el BCRP al cierre de operaciones: S/ 3 634,3 millones.",3634.3,S/
2026/08/25,06:30 pm,"Monto total Negociado en el Mercado Cambiario Spot Interbancario: US$ 159,7 millones",159.7,US$
2026/08/25,04:39 pm,"Tasa Interbancaria Overnight (TIBO) en moneda nacional: 4,25 por ciento.",,
2026/08/25,01:40 pm,"Se colocaron S/ 5 400,1 millones de Depósitos Overnight a una tasa promedio de 4,22 por ciento.",5400.1,S/
2026/08/25,01:30 pm,"Se colocaron S/ 438,5 millones de CD BCRP (pago en dólares) a 3 meses a una tasa promedio de 4,20 por ciento.",438.5,S/
2026/08/25,01:30 pm,"Tipo de cambio - Venta del mercado interbancario: S/ 3,3440.",,
2026/08/25,01:21 pm,"Se colocaron S/ 400 millones de Swap Cambiario Compra (tasa variable) a 3 meses, a una tasa promedio de 3,01 por ciento.",400.0,S/
2026/08/25,01:20 pm,"Se colocaron S/ 1 323 millones de Depósitos a 1 semana a una tasa promedio de 4,25 por ciento.",1323.0,S/
2026/08/25,01:15 pm,Se convocó a la siguiente subasta: Swap Cambiario Compra (tasa variable) a 3 meses por S/ 400 millones.,400.0,S/
2026/08/25,01:13 pm,Convocatoria de la siguiente subasta: CD BCRP (pago en dólares) a 3 meses S/ 200 millones.,200.0,S/
2026/08/25,01:10 pm,"Se colocaron S/ 999,9 millones de Depósitos a 2 semana a una tasa promedio de 4,25 por ciento.",999.9,S/
2026/08/25,12:30 pm,"Convocatoria de las siguientes subastas: (a) Depósitos a 2 semanas S/ 1 000 millones, (b) Depósitos a 1 semana S/ 1 500 millones y (c) Depósitos Overnight S/ 5 400 millones.",1000.0,S/
2026/08/25,12:00 pm,Liquidez inicial de las empresas bancarias en el BCRP: S/ 11 400 millones.,11400.0,S/
2026/08/25,11:00 am,"Se colocaron S/ 50 millones de CD BCRP a 12 meses a una tasa promedio de 4,14 por ciento.",50.0,S/
2026/08/25,10:30 am,"Se colocaron S/ 999,8 millones de Depósitos a 1 semana a una tasa promedio de 4,25 por ciento.",999.8,S/
2026/08/25,10:00 am,"Se colocaron S/ 4 000,1 millones de Depósitos Overnight a una tasa promedio de 4,25 por ciento.",4000.1,S/
2026/08/25,09:05 am,"Convocatoria de las siguientes subastas: (a) CD BCRP a 12 meses S/ 50 millones, (b) Depósitos a 1 semana S/ 1 000 millones y (c) Depósitos Overnight S/ 4 000 millones.",50.0,S/
2026/08/25,09:00 am,Liquidez inicial de las empresas bancarias en el BCRP: S/ 15 300 millones.,15300.0,S/
2026/08/25,08:30 am,Vencimientos de instrumentos del BCRP del día de hoy: (a) CD BCRP S/ 1 131 millones y (b) Depósitos BCRP S/ 10 950 millones.,1131.0,S/
2026/08/24,07:00 pm,"Saldo de la cuenta corriente de las empresas bancarias en el BCRP al cierre de operaciones: S/ 13 321,5 millones.",13321.5,S/
2026/08/24,06:30 pm,"Monto total Negociado en el Mercado Cambiario Spot Interbancario: US$ 350,3 millones",350.3,US$
2026/08/24,04:45 pm,"Tasa Interbancaria Overnight (TIBO) en moneda nacional: 4,25 por ciento.",,
2026/08/24,01:30 pm,"Tipo de cambio - Venta del mercado interbancario: S/ 3,3470.",,
2026/08/24,01:28 pm,"Se colocaron S/ 50 millones de CD BCRP (pago en dólares) a 3 meses a una tasa promedio de 4,19 por ciento.",50.0,S/
2026/08/24,01:24 pm,Convocatoria de la siguiente subasta: CD BCRP (pago en dólares) a 3 meses S/ 200 millones.,200.0,S/
2026/08/24,01:20 pm,"Se colocaron S/ 500,2 millones de Depósitos a 1 semana a una tasa promedio de 4,24 por ciento.",500.2,S/
2026/08/24,01:18 pm,"Se colocaron S/ 300 millones de Swap Cambiario Compra (tasa variable) a 3 meses, a una tasa promedio de 2,93 por ciento.",300.0,S/
2026/08/24,01:16 pm,"Se colocaron S/ 200 millones de CD BCRP (pago en dólares) a 2 meses a una tasa promedio de 4,18 por ciento.",200.0,S/
2026/08/24,01:08 pm,Se convocó a la siguiente subasta: Swap Cambiario Compra (tasa variable) a 3 meses por S/ 300 millones.,300.0,S/
2026/08/24,01:05 pm,"Se colocaron S/ 358 millones de CD BCRP a 3 meses a una tasa promedio de 4,14 por ciento.",358.0,S/
2026/08/24,01:05 pm,Convocatoria de la siguiente subasta: CD BCRP (pago en dólares) a 2 meses S/ 200 millones.,200.0,S/
2026/08/24,12:35 pm,"Convocatoria de las siguientes subastas: (a) CD BCRP a 3 meses S/ 400 millones, (b) Depósitos a 1 semana S/ 500 millones y (c) Depósitos Overnight S/ 4 900 millones.",400.0,S/
2026/08/24,12:05 pm,Liquidez inicial de las empresas bancarias en el BCRP: S/ 10 800 millones.,10800.0,S/
2026/08/24,10:35 am,"Se colocaron S/ 1 000,1 millones de Depósitos a 1 semana a una tasa promedio de 4,25 por ciento.",1000.1,S/
2026/08/24,10:05 am,"Se colocaron S/ 3 500 millones de Depósitos Overnight a una tasa promedio de 4,25 por ciento.",3500.0,S/
2026/08/24,09:05 am,Convocatoria de las siguientes subastas: (a) Depósitos a 1 semana S/ 1 000 millones y (b) Depósitos Overnight S/ 3 500 millones.,1000.0,S/
2026/08/24,09:00 am,Liquidez inicial de las empresas bancarias en el BCRP: S/ 15 000 millones.,15000.0,S/
2026/08/24,08:30 am,"Vencimientos de instrumentos del BCRP del día de hoy: (a) Depósitos BCRP S/ 8 882,4 millones.",8882.4,S/
2026/08/21,07:00 pm,"Saldo de la cuenta corriente de las empresas bancarias en el BCRP al cierre de operaciones: S/ 6 354,4 millones.",6354.4,S/
2026/08/21,06:30 pm,"Monto total Negociado en el Mercado Cambiario Spot Interbancario: US$ 325,8 millones",325.8,US$
2026/08/21,04:35 pm,"Tasa Interbancaria Overnight (TIBO) en moneda nacional: 4,25 por ciento.",,
2026/08/21,01:35 pm,"Se colocaron S/ 3 332,3 millones de Depósitos Overnight a una tasa promedio de 4,20 por ciento.",3332.3,S/
2026/08/21,01:30 pm,"Tipo de cambio - Venta del mercado interbancario: S/ 3,3450.",,
2026/08/21,01:25 pm,"Se colocaron S/ 6,0 millones de CD BCRP (pago en dólares) a 2 meses a una tasa promedio de 4,19 por ciento.",6.0,S/
2026/08/21,01:20 pm,"Se colocaron S/ 500,1 millones de Depósitos a 2 semanas a una tasa promedio de 4,25 por ciento.",500.1,S/
2026/08/21,01:10 pm,"Se colocaron S/ 300 millones de CD BCRP a 3 meses a una tasa promedio de 4,13 por ciento.",300.0,S/
2026/08/21,01:05 pm,Convocatoria de la siguiente subasta: CD BCRP (pago en dólares) a 2 meses S/ 200 millones.,200.0,S/
2026/08/21,01:00 pm,"Se colocaron S/ 400 millones de Repo de Valores a 3 meses a una tasa promedio de 4,66 por ciento.",400.0,S/
2026/08/21,12:50 pm,"Se colocaron S/ 91,1 millones de CD BCRP (pago en dólares) a 2 meses a una tasa promedio de 4,21 por ciento.",91.1,S/
2026/08/21,12:47 pm,"Se colocaron S/ 300 millones de Swap Cambiario Compra (tasa variable) a 3 meses, a una tasa promedio de 2,97 por ciento.",300.0,S/
2026/08/21,12:27 pm,Se convocó a la siguiente subasta: Swap Cambiario Compra (tasa variable) a 3 meses por S/ 300 millones.,300.0,S/
2026/08/21,12:27 pm,Convocatoria de la siguiente subasta: CD BCRP (pago en dólares) a 2 meses S/ 200 millones.,200.0,S/
2026/08/21,12:20 pm,"Convocatoria de las siguientes subastas: (a) CD BCRP a 3 meses S/ 300 millones, (b) Depósitos a 2 semanas S/ 500 millones, (c) Depósitos Overnight S/ 3 800 millones y (d) Repo de Valores a 3 meses S/ 400 millones.",300.0,S/
2026/08/21,12:05 am,Liquidez inicial de las empresas bancarias en el BCRP: S/ 10 200 millones.,10200.0,S/
2026/08/21,11:45 am,"Se colocaron S/ 300 millones de Swap Cambiario Compra (tasa variable) a 3 meses, a una tasa promedio de 3,06 por ciento.",300.0,S/
2026/08/21,11:19 am,Se convocó a la siguiente subasta: Swap Cambiario Compra (tasa variable) a 3 meses por S/ 300 millones.,300.0,S/
2026/08/21,10:30 am,"Se colocaron S/ 999,9 millones de Depósitos a 1 semana a una tasa promedio de 4,25 por ciento.",999.9,S/
2026/08/21,10:00 am,"Se colocaron S/ 3 000 millones de Depósitos Overnight a una tasa promedio de 4,25 por ciento.",3000.0,S/
2026/08/21,09:20 am,Convocatoria de las siguientes subastas: (a) Depósitos a 1 semana S/ 1 000 millones y (b) Depósitos Overnight S/ 3 000 millones.,1000.0,S/
2026/08/21,09:00 am,Liquidez inicial de las empresas bancarias en el BCRP: S/ 14 200 millones.,14200.0,S/
2026/08/21,08:30 am,Vencimientos de instrumentos del BCRP del día de hoy: (a) Repo de Valores S/ 400 millones y (b) Depósitos BCRP S/ 10 400 millones.,400.0,S/
2026/08/20,07:00 pm,"Saldo de la cuenta corriente de las empresas bancarias en el BCRP al cierre de operaciones: S/ 7 154,8 millones.",7154.8,S/
2026/08/20,06:30 pm,"Monto total Negociado en el Mercado Cambiario Spot Interbancario: US$ 248,6 millones.",248.6,US$
2026/08/20,04:45 pm,"Tasa Interbancaria Overnight (TIBO) en moneda nacional: 4,25 por ciento.",,
2026/08/20,01:41 pm,"Se colocaron S/ 4 900,1 millones de Depósitos Overnight a una tasa promedio de 4,23 por ciento.",4900.1,S/
2026/08/20,01:30 pm,"Se colocaron S/ 100 millones de CD BCRP (pago en dólares) a 2 meses a una tasa promedio de 4,16 por ciento.",100.0,S/
2026/08/20,01:30 pm,"Tipo de cambio - Venta del mercado interbancario: S/ 3,3520.",,
2026/08/20,01:27 pm,"Se colocaron S/ 299,9 millones de Swap Cambiario Compra (tasa variable) a 3 meses, a una tasa promedio de 3,03 por ciento.",299.9,S/
2026/08/20,01:25 pm,"Se colocaron S/ 500 millones de Depósitos a 1 semana a una tasa promedio de 4,24 por ciento.",500.0,S/
2026/08/20,01:20 pm,Convocatoria de la siguiente subasta: CD BCRP (pago en dólares) a 2 meses S/ 100 millones.,100.0,S/
2026/08/20,01:17 pm,Se convocó a la siguiente subasta: Swap Cambiario Compra (tasa variable) a 3 meses por S/ 300 millones.,300.0,S/
2026/08/20,01:05 pm,"Se colocaron S/ 500 millones de CD BCRP a 3 meses a una tasa promedio de 4,14 por ciento.",500.0,S/
2026/08/20,12:30 pm,"Convocatoria de las siguientes subastas: (a) CD BCRP a 3 meses S/ 500 millones, (b) Depósitos a 1 semana S/ 500 millones y (c) Depósitos Overnight S/ 4 900 millones.",500.0,S/
2026/08/20,12:00 pm,Liquidez inicial de las empresas bancarias en el BCRP: S/ 12 400 millones.,12400.0,S/
2026/08/20,10:30 am,"Se colocaron S/ 1 000 millones de Depósitos a 1 semana a una tasa promedio de 4,25 por ciento.",1000.0,S/
2026/08/20,10:05 am,"Se colocaron S/ 3 999,9 millones de Depósitos Overnight a una tasa promedio de 4,24 por ciento.",3999.9,S/
2026/08/20,09:05 am,Convocatoria de las siguientes subastas: (a) Depósitos a 1 semana S/ 1 000 millones y (b) Depósitos Overnight S/ 4 000 millones.,1000.0,S/
2026/08/20,09:00 am,Liquidez inicial de las empresas bancarias en el BCRP: S/ 17 400 millones.,17400.0,S/
2026/08/20,08:30 am,"Vencimientos de instrumentos del BCRP del día de hoy: (a) Depósitos BCRP S/ 11 799,6 millones.",11799.6,S/
2026/08/19,07:00 pm,"Saldo de la cuenta corriente de las empresas bancarias en el BCRP al cierre de operaciones: S/ 6 785,4 millones.",6785.4,S/
2026/08/19,06:30 pm,"Monto total Negociado en el Mercado Cambiario Spot Interbancario: US$ 404,3 millones.",404.3,US$
2026/08/19,04:40 pm,"Tasa Interbancaria Overnight (TIBO) en moneda nacional: 4,25 por ciento.",,
2026/08/19,01:35 pm,"Se colocaron S/ 5 799,9 millones de Depósitos Overnight a una tasa promedio de 4,23 por ciento.",5799.9,S/
2026/08/19,01:30 pm,"Tipo de cambio - Venta del mercado interbancario: S/ 3,3550.",,
2026/08/19,01:20 pm,"Se colocaron S/ 1 000 millones de Depósitos a 1 semana a una tasa promedio de 4,25 por ciento.",1000.0,S/
2026/08/19,01:10 pm,"Se colocaron S/ 499,9 millones de Depósitos a 2 semanas a una tasa promedio de 4,25 por ciento.",499.9,S/
2026/08/19,01:00 pm,"Se colocaron S/ 600,1 millones de CD BCRP a 3 meses a una tasa promedio de 4,13 por ciento.",600.1,S/
2026/08/19,12:25 pm,"Convocatoria de las siguientes subastas: (a) CD BCRP a 3 meses S/ 600 millones, (b) Depósitos a 2 semanas S/ 500 millones, (c) Depósitos a 1 semana S/ 1 000 millones y (d) Depósitos Overnight S/ 5 800 millones.",600.0,S/
2026/08/19,12:00 pm,Liquidez inicial de las empresas bancarias en el BCRP: S/ 14 400 millones.,14400.0,S/
2026/08/19,11:00 am,"Se colocaron S/ 10 millones de CD BCRP a 18 meses a una tasa promedio de 4,15 por ciento.",10.0,S/
2026/08/19,10:30 am,"Se colocaron S/ 1 000,1 millones de Depósitos a 1 semana a una tasa promedio de 4,24 por ciento.",1000.1,S/
2026/08/19,10:17 am,"Se colocaron S/ 300 millones de Swap Cambiario Compra (tasa variable) a 3 meses, a una tasa promedio de 2,84 por ciento.",300.0,S/
2026/08/19,10:00 am,"Se colocaron S/ 3 999,8 millones de Depósitos Overnight a una tasa promedio de 4,24 por ciento.",3999.8,S/
2026/08/19,09:43 am,Se convocó a la siguiente subasta: Swap Cambiario Compra (tasa variable) a 3 meses por S/ 300 millones.,300.0,S/
2026/08/19,09:15 am,"Convocatoria de las siguientes subastas: (a) CD BCRP a 18 meses S/ 10 millones, (b) Depósitos a 1 semana S/ 1 000 millones y (c) Depósitos Overnight S/ 4 000 millones.",10.0,S/
2026/08/19,09:00 am,Liquidez inicial de las empresas bancarias en el BCRP: S/ 19 300 millones.,19300.0,S/
2026/08/19,08:30 am,"Vencimientos de instrumentos del BCRP del día de hoy: (a) Depósitos BCRP S/ 12 699,9 millones.",12699.9,S/
2026/08/18,07:00 pm,"Saldo de la cuenta corriente de las empresas bancarias en el BCRP al cierre de operaciones: 7 324,2 millones.",,
2026/08/18,06:30 pm,"Monto total Negociado en el Mercado Cambiario Spot Interbancario: US$ 324,0 millones.",324.0,US$
2026/08/18,04:45 pm,"Tasa Interbancaria Overnight (TIBO) en moneda nacional: 4,25 por ciento.",,
2026/08/18,01:40 pm,"Se colocaron S/ 6 700 millones de Depósitos Overnight a una tasa promedio de 4,23 por ciento.",6700.0,S/
2026/08/18,01:30 pm,"Tipo de cambio - Venta del mercado interbancario: S/ 3,3650.",,
2026/08/18,01:15 pm,"Se colocaron S/ 1 499,9 millones de Depósitos a 1 semana a una tasa promedio de 4,25 por ciento.",1499.9,S/
2026/08/18,01:00 pm,"Se colocaron S/ 500,1 millones de CD BCRP a 3 meses a una tasa promedio de 4,12 por ciento.",500.1,S/
2026/08/18,12:30 pm,"Convocatoria de las siguientes subastas: (a) CD BCRP a 3 meses S/ 500 millones, (b) Depósitos a 1 semana S/ 1 500 millones y (c) Depósitos Overnight S/ 6 700 millones.",500.0,S/
2026/08/18,12:05 pm,Liquidez inicial de las empresas bancarias en el BCRP: S/ 15 700 millones.,15700.0,S/
2026/08/18,11:00 am,"Se colocaron S/ 50 millones de CD BCRP a 12 meses a una tasa promedio de 4,13 por ciento.",50.0,S/
2026/08/18,10:30 am,"Se colocaron S/ 1 000 millones de Depósitos a 1 semana a una tasa promedio de 4,24 por ciento.",1000.0,S/
2026/08/18,10:00 am,"Se colocaron S/ 3 999,9 millones de Depósitos Overnight a una tasa promedio de 4,25 por ciento.",3999.9,S/
2026/08/18,09:20 am,"Convocatoria de las siguientes subastas: (a) CD BCRP a 12 meses S/ 50 millones, (b) Depósitos a 1 semana S/ 1 000 millones y (c) Depósitos Overnight S/ 4 000 millones.",50.0,S/
2026/08/18,09:00 am,Liquidez inicial de las empresas bancarias en el BCRP: S/ 20 400 millones.,20400.0,S/
2026/08/18,08:30 am,"Vencimientos de instrumentos del BCRP del día de hoy: (a) CD BCRP S/ 1 836,7 millones y (b) Depósitos BCRP S/ 11 999,7 millones.",1836.7,S/
2026/08/17,07:00 pm,"Saldo de la cuenta corriente de las empresas bancarias en el BCRP al cierre de operaciones: S/ 7 588,7 millones.",7588.7,S/
2026/08/17,06:30 pm,"Monto total Negociado en el Mercado Cambiario Spot Interbancario: US$ 248,9 millones.",248.9,US$
2026/08/17,04:30 pm,"Tasa Interbancaria Overnight (TIBO) en moneda nacional: 4,25 por ciento.",,
2026/08/17,01:40 pm,"Se colocaron S/ 6 500 millones de Depósitos Overnight a una tasa promedio de 4,23 por ciento.",6500.0,S/
2026/08/17,01:30 pm,"Tipo de cambio - Venta del mercado interbancario: S/ 3,3590.",,
2026/08/17,01:28 pm,"Se colocaron S/ 128 millones de CD BCRP (pago en dólares) a 3 meses a una tasa promedio de 4,18 por ciento.",128.0,S/
2026/08/17,01:26 pm,"Se colocaron S/ 200 millones de Swap Cambiario Compra (tasa variable) a 3 meses, a una tasa promedio de 2,89 por ciento.",200.0,S/
2026/08/17,01:25 pm,"Se colocaron S/ 1 000 millones de Depósitos a 1 semana a una tasa promedio de 4,25 por ciento.",1000.0,S/
2026/08/17,01:21 pm,Se convocó a la siguiente subasta: Swap Cambiario Compra (tasa variable) a 3 meses por S/ 200 millones.,200.0,S/
2026/08/17,01:21 pm,Convocatoria de la siguiente subasta: CD BCRP (pago en dólares) a 3 meses S/ 200 millones.,200.0,S/
2026/08/17,01:05 pm,"Se colocaron S/ 300 millones de CD BCRP a 6 meses a una tasa promedio de 4,13 por ciento.",300.0,S/
2026/08/17,12:30 pm,"Convocatoria de las siguientes subastas: (a) CD BCRP a 6 meses S/ 300 millones, (b) Depósitos a 1 semana S/ 1 000 millones y (c) Depósitos Overnight S/ 6 500 millones.",300.0,S/
2026/08/17,12:00 pm,Liquidez inicial de las empresas bancarias en el BCRP: S/ 15 300 millones.,15300.0,S/
2026/08/17,10:40 am,"Se colocaron S/ 1 000,1 millones de Depósitos a 1 semana a una tasa promedio de 4,25 por ciento.",1000.1,S/
2026/08/17,10:05 am,"Se colocaron S/ 3 499,8 millones de Depósitos Overnight a una tasa promedio de 4,24 por ciento.",3499.8,S/
2026/08/17,09:15 am,Convocatoria de las siguientes subastas: (a) Depósitos a 1 semana S/ 1 000 millones y (b) Depósitos Overnight S/ 3 500 millones.,1000.0,S/
2026/08/17,09:00 am,Liquidez inicial de las empresas bancarias en el BCRP: S/ 19 300 millones.,19300.0,S/
2026/08/17,08:30 am,Vencimientos de instrumentos del BCRP del día de hoy: (a) Depósitos BCRP S/ 10 100 millones.,10100.0,S/
2026/08/14,07:00 pm,"Saldo de la cuenta corriente de las empresas bancarias en el BCRP al cierre de operaciones: S/ 8 263,9 millones.",8263.9,S/
2026/08/14,06:30 pm,"Monto total Negociado en el Mercado Cambiario Spot Interbancario: US$ 372,4 millones.",372.4,US$
2026/08/14,04:45 pm,"Tasa Interbancaria Overnight (TIBO) en moneda nacional: 4,25 por ciento.",,
2026/08/14,01:35 pm,"Se colocaron S/ 6 100 millones de Depósitos Overnight a una tasa promedio de 4,21 por ciento.",6100.0,S/
2026/08/14,01:30 pm,"Tipo de cambio - Venta del mercado interbancario: S/ 3,3670.",,
2026/08/14,01:15 pm,"Se colocaron S/ 499,9 millones de Depósitos a 1 semana a una tasa promedio de 4,25 por ciento.",499.9,S/
2026/08/14,01:00 pm,"Se colocaron S/ 400 millones de CD BCRP a 6 meses a una tasa promedio de 4,13 por ciento.",400.0,S/
2026/08/14,12:30 pm,"Convocatoria de las siguientes subastas: (a) CD BCRP a 6 meses S/ 400 millones, (b) Depósitos a 1 semana S/ 500 millones y (c) Depósitos Overnight S/ 6 100 millones.",400.0,S/
2026/08/14,12:00 pm,Liquidez inicial de las empresas bancarias en el BCRP: S/ 15 500 millones.,15500.0,S/
2026/08/14,10:30 am,"Se colocaron S/ 1 000,1 millones de Depósitos a 1 semana a una tasa promedio de 4,25 por ciento.",1000.1,S/
2026/08/14,10:00 am,"Se colocaron S/ 2 999,9 millones de Depósitos Overnight a una tasa promedio de 4,24 por ciento.",2999.9,S/
2026/08/14,09:30 am,Convocatoria de las siguientes subastas: (a) Depósitos a 1 semana S/ 1 000 millones y (b) Depósitos Overnight S/ 3 000 millones.,1000.0,S/
2026/08/14,09:00 am,Liquidez inicial de las empresas bancarias en el BCRP: S/ 19 100 millones.,19100.0,S/
2026/08/14,08:30 am,"Vencimientos de instrumentos del BCRP del día de hoy: (a) CD BCRP S/ 1 775,4 millones, (b) Repo de Valores S/ 300 millones y (c) Depósitos BCRP S/ 1 000 millones.",1775.4,S/
2026/08/13,07:00 pm,"Saldo de la cuenta corriente de las empresas bancarias en el BCRP al cierre de operaciones: S/ 10 125,2 millones.",10125.2,S/
2026/08/13,06:30 pm,"Monto total Negociado en el Mercado Cambiario Spot Interbancario: US$ 394,1 millones.",394.1,US$
2026/08/13,04:45 pm,"Tasa Interbancaria Overnight (TIBO) en moneda nacional: 4,25 por ciento.",,
2026/08/13,01:39 pm,"Se colocaron S/ 6 299,8 millones de Depósitos Overnight a una tasa promedio de 4,23 por ciento.",6299.8,S/
2026/08/13,01:30 pm,"Tipo de cambio - Venta del mercado interbancario: S/ 3,3660.",,
2026/08/13,01:20 pm,"Se colocaron S/ 1 000 millones de Depósitos a 1 semana a una tasa promedio de 4,25 por ciento.",1000.0,S/
2026/08/13,01:05 pm,"Se colocaron S/ 300 millones de CD BCRP a 3 meses a una tasa promedio de 4,13 por ciento.",300.0,S/
2026/08/13,12:39 pm,"Convocatoria de las siguientes subastas: (a) CD BCRP a 3 meses S/ 300 millones, (b) Depósitos a 1 semana S/ 1 000 millones y (c) Depósitos Overnight S/ 6 300 millones.",300.0,S/
2026/08/13,12:00 pm,Liquidez inicial de las empresas bancarias en el BCRP: S/ 17 600 millones.,17600.0,S/
2026/08/13,10:35 pm,"Se colocaron S/ 999,9 millones de Depósitos a 1 semana a una tasa promedio de 4,25 por ciento.",999.9,S/
2026/08/13,10:05 pm,"Se colocaron S/ 2 999,9 millones de Depósitos Overnight a una tasa promedio de 4,24 por ciento.",2999.9,S/
2026/08/13,09:10 am,Convocatoria de las siguientes subastas: (a) Depósitos a 1 semana S/ 1 000 millones y (b) Depósitos Overnight S/ 3 000 millones.,1000.0,S/
2026/08/13,09:00 am,Liquidez inicial de las empresas bancarias en el BCRP: S/ 21 300 millones.,21300.0,S/
2026/08/13,08:30 am,"Vencimientos de instrumentos del BCRP del día de hoy: (a) CD BCRP S/ 700 millones y (b) Depósitos BCRP S/ 9 470,3 millones.",700.0,S/
2026/08/12,07:00 pm,"Saldo de la cuenta corriente de las empresas bancarias en el BCRP al cierre de operaciones: S/ 11 115,3 millones.",11115.3,S/
2026/08/12,06:30 pm,"Monto total Negociado en el Mercado Cambiario Spot Interbancario: US$ 594,4 millones.",594.4,US$
2026/08/12,04:44 pm,"Tasa Interbancaria Overnight (TIBO) en moneda nacional: 4,25 por ciento.",,
2026/08/12,01:35 pm,"Se colocaron S/ 6 470,2 millones de Depósitos Overnight a una tasa promedio de 4,22 por ciento.",6470.2,S/
2026/08/12,01:30 pm,"Tipo de cambio - Venta del mercado interbancario: S/ 3,3630.",,
2026/08/12,01:15 pm,"Se colocaron S/ 500 millones de Depósitos a 1 semana a una tasa promedio de 4,24 por ciento.",500.0,S/
2026/08/12,01:00 pm,"Se colocaron S/ 600 millones de CD BCRP a 3 meses a una tasa promedio de 4,13 por ciento.",600.0,S/
2026/08/12,12:30 pm,"Convocatoria de las siguientes subastas: (a) CD BCRP a 3 meses S/ 600 millones, (b) Depósitos a 1 semana S/ 500 millones y (c) Depósitos Overnight S/ 6 600 millones.",600.0,S/
2026/08/12,12:05 pm,Liquidez inicial de las empresas bancarias en el BCRP: S/ 18 700 millones.,18700.0,S/
2026/08/12,11:00 am,"Se colocaron S/ 10 millones de CD BCRP a 18 meses a una tasa promedio de 4,09 por ciento.",10.0,S/
2026/08/12,10:30 am,"Se colocaron S/ 1 000 millones de Depósitos a 1 semana a una tasa promedio de 4,25 por ciento.",1000.0,S/
2026/08/12,10:15 am,"Se colocaron S/ 196,8 millones de CD BCRP (pago en dólares) a 2 meses a una tasa promedio de 4,18 por ciento.",196.8,S/
2026/08/12,10:02 am,"Se colocaron S/ 300 millones de Swap Cambiario Compra (tasa variable) a 3 meses, a una tasa promedio de 2,92 por ciento.",300.0,S/
2026/08/12,10:00 am,"Se colocaron S/ 3 000,1 millones de Depósitos Overnight a una tasa promedio de 4,23 por ciento.",3000.1,S/
2026/08/12,09:40 am,Se convocó a la siguiente subasta: Swap Cambiario Compra (tasa variable) a 3 meses por S/ 300 millones.,300.0,S/
2026/08/12,09:35 am,Convocatoria de la siguiente subasta: CD BCRP (pago en dólares) a 2 meses S/ 200 millones.,200.0,S/
2026/08/12,09:21 am,"Convocatoria de las siguientes subastas: (a) CD BCRP a 18 meses S/ 10 millones, (b) Depósitos a 1 semana S/ 1 000 millones y (c) Depósitos Overnight S/ 3 000 millones.",10.0,S/
2026/08/12,09:00 am,Liquidez inicial de las empresas bancarias en el BCRP: S/ 22 600 millones.,22600.0,S/
2026/08/12,08:30 am,"Vencimientos de instrumentos del BCRP del día de hoy: (a) Depósitos BCRP S/ 9 405,4 millones.",9405.4,S/
2026/08/11,07:00 pm,"Saldo de la cuenta corriente de las empresas bancarias en el BCRP al cierre de operaciones: S/ 13 387,9 millones.",13387.9,S/
2026/08/11,06:30 pm,"Monto total Negociado en el Mercado Cambiario Spot Interbancario: US$ 207,9 millones.",207.9,US$
2026/08/11,04:45 pm,"Tasa Interbancaria Overnight (TIBO) en moneda nacional: 4,25 por ciento.",,
2026/08/11,01:40 pm,"Se colocaron S/ 4 386,8 millones de Depósitos Overnight a una tasa promedio de 4,23 por ciento.",4386.8,S/
2026/08/11,01:30 pm,La subasta de CD BCRP (pago en dólares) a 3 meses por S/ 100 millones se declaró desierta.,100.0,S/
2026/08/11,01:30 pm,"Tipo de cambio - Venta del mercado interbancario: S/ 3,3660.",,
2026/08/11,01:22 pm,"Se colocaron S/ 300 millones de Swap Cambiario Compra (tasa variable) a 3 meses, a una tasa promedio de 2,87 por ciento.",300.0,S/
2026/08/11,01:20 pm,"Se colocaron S/ 500 millones de Depósitos a 1 semana a una tasa promedio de 4,24 por ciento.",500.0,S/
2026/08/11,01:10 pm,Se convocó a la siguiente subasta: Swap Cambiario Compra (tasa variable) a 3 meses por S/ 300 millones.,300.0,S/
2026/08/11,01:10 pm,Convocatoria de la siguiente subasta: CD BCRP (pago en dólares) a 3 meses S/ 100 millones.,100.0,S/
2026/08/11,01:05 pm,"Se colocaron S/ 600 millones de CD BCRP a 6 meses a una tasa promedio de 4,13 por ciento.",600.0,S/
2026/08/11,12:28 pm,"Convocatoria de las siguientes subastas: (a) CD BCRP a 6 meses S/ 600 millones, (b) Depósitos a 1 semana S/ 500 millones y (c) Depósitos Overnight S/ 4 600 millones.",600.0,S/
2026/08/11,12:00 pm,Liquidez inicial de las empresas bancarias en el BCRP: S/ 18 700 millones.,18700.0,S/
2026/08/11,11:54 am,"Se colocaron S/ 300 millones de Swap Cambiario Compra (tasa variable) a 3 meses, a una tasa promedio de 2,97 por ciento.",300.0,S/
2026/08/11,11:14 am,Se convocó a la siguiente subasta: Swap Cambiario Compra (tasa variable) a 3 meses por S/ 300 millones.,300.0,S/
2026/08/11,11:05 pm,"Se colocaron S/ 50 millones de CD BCRP a 12 meses a una tasa promedio de 4,14 por ciento.",50.0,S/
2026/08/11,11:05 pm,"Se colocaron S/ 1 499,9 millones de Depósitos a 1 semana a una tasa promedio de 4,25 por ciento.",1499.9,S/
2026/08/11,10:35 pm,"Se colocaron S/ 4 018,5 millones de Depósitos Overnight a una tasa promedio de 4,22 por ciento.",4018.5,S/
2026/08/11,09:05 am,"Convocatoria de las siguientes subastas: (a) CD BCRP a 12 meses S/ 50 millones, (b) Depósitos a 1 semana S/ 1 500 millones y (c) Depósitos Overnight S/ 5 000 millones.",50.0,S/
2026/08/11,09:00 am,Liquidez inicial de las empresas bancarias en el BCRP: S/ 25 200 millones.,25200.0,S/
2026/08/11,08:30 am,Vencimientos de instrumentos del BCRP del día de hoy: (a) CD BCRP S/ 2 110 millones y (b) Depósitos BCRP S/ 4 700 millones.,2110.0,S/
2026/08/10,07:00 pm,"Saldo de la cuenta corriente de las empresas bancarias en el BCRP al cierre de operaciones: S/ 11 344,0 millones.",11344.0,S/
2026/08/10,06:30 pm,"Monto total Negociado en el Mercado Cambiario Spot Interbancario: US$ 527,7 millones.",527.7,US$
2026/08/10,04:45 pm,"Tasa Interbancaria Overnight (TIBO) en moneda nacional: 4,25 por ciento.",,
2026/08/10,01:35 pm,"Se colocaron S/ 1 700 millones de Depósitos Overnight a una tasa promedio de 4,12 por ciento.",1700.0,S/
2026/08/10,01:30 pm,"Tipo de cambio - Venta del mercado interbancario: S/ 3,3750.",,
2026/08/10,01:20 pm,"Se colocaron S/ 1 000,1 millones de Depósitos a 1 semana a una tasa promedio de 4,20 por ciento.",1000.1,S/
2026/08/10,01:10 pm,"Se colocaron S/ 500 millones de Depósitos a 2 semanas a una tasa promedio de 4,18 por ciento.",500.0,S/
2026/08/10,01:00 pm,"Se colocaron S/ 500 millones de CD BCRP a 6 meses a una tasa promedio de 4,12 por ciento.",500.0,S/
2026/08/10,12:30 pm,"Convocatoria de las siguientes subastas: (a) CD BCRP a 6 meses S/ 500 millones, (b) Depósitos a 2 semanas S/ 500 millones, (c) Depósitos a 1 semana S/ 1 000 millones y (d) Depósitos Overnight S/ 1 700 millones.",500.0,S/
2026/08/10,12:05 pm,Liquidez inicial de las empresas bancarias en el BCRP: S/ 14 200 millones.,14200.0,S/
2026/08/10,10:00 am,"Se colocaron S/ 2 000 millones de Depósitos Overnight a una tasa promedio de 4,18 por ciento.",2000.0,S/
2026/08/10,09:20 am,Convocatoria de las siguientes subastas: (a) Depósitos Overnight S/ 2 000 millones.,2000.0,S/
2026/08/10,09:00 am,Liquidez inicial de las empresas bancarias en el BCRP: S/ 16 100 millones.,16100.0,S/
2026/08/10,08:30 am,"Vencimientos de instrumentos del BCRP del día de hoy: (a) Depósitos BCRP S/ 1 520,1 millones.",1520.1,S/
2026/08/07,07:00 pm,"Saldo de la cuenta corriente de las empresas bancarias en el BCRP al cierre de operaciones: S/ 12 611,9 millones.",12611.9,S/
2026/08/07,06:30 pm,"18:30: Monto total Negociado en el Mercado Cambiario Spot Interbancario: US$ 224,6 millones.",224.6,US$
2026/08/07,04:40 pm,"Tasa Interbancaria Overnight (TIBO) en moneda nacional: 4,25 por ciento.",,
2026/08/07,01:35 pm,"Se colocaron S/ 1 500,1 millones de Depósitos Overnight a una tasa promedio de 4,10 por ciento.",1500.1,S/
2026/08/07,01:30 pm,"Tipo de cambio - Venta del mercado interbancario: S/ 3,3775.",,
2026/08/07,01:28 pm,"Se colocaron S/ 200 millones de Swap Cambiario Compra (tasa variable) a 3 meses, a una tasa promedio de 2,93 por ciento.",200.0,S/
2026/08/07,01:25 pm,Se convocó a la siguiente subasta: Swap Cambiario Compra (tasa variable) a 3 meses por S/ 200 millones.,200.0,S/
2026/08/07,01:15 pm,"Se colocaron S/ 1 000 millones de Depósitos a 1 semana a una tasa promedio de 4,20 por ciento.",1000.0,S/
2026/08/07,01:05 pm,"Se colocaron S/ 400 millones de CD BCRP a 3 meses a una tasa promedio de 4,12 por ciento.",400.0,S/
2026/08/07,12:55 pm,"Se colocaron S/ 300 millones de Depósitos del Tesoro Público a 6 meses a una tasa promedio de 4,40 por ciento.",300.0,S/
2026/08/07,12:30 pm,"Convocatoria de las siguientes subastas: (a) CD BCRP a 3 meses S/ 400 millones, (b) Depósitos a 1 semana S/ 1 000 millones, (c) Depósitos Overnight S/ 1 500 millones y (d) Depósitos del Tesoro Público a 6 meses S/ 300 millones.",400.0,S/
2026/08/07,12:05 pm,Liquidez inicial de las empresas bancarias en el BCRP: S/ 15 600 millones.,15600.0,S/
2026/08/07,09:00 am,Liquidez inicial de las empresas bancarias en el BCRP: S/ 15 900 millones.,15900.0,S/
2026/08/07,08:30 am,"Vencimientos de instrumentos del BCRP del día de hoy: (a) CD BCRP S/ 1 663,3 millones, (b) Repo de Valores S/ 800 millones y (c) Depósitos BCRP S/ 1 499,9 millones.",1663.3,S/
2026/08/05,07:00 pm,"Saldo de la cuenta corriente de las empresas bancarias en el BCRP al cierre de operaciones: S/ 15 301,4 millones.",15301.4,S/
2026/08/05,06:30 pm,"Monto total Negociado en el Mercado Cambiario Spot Interbancario: US$ 467,4 millones.",467.4,US$
2026/08/05,04:40 pm,"Tasa Interbancaria Overnight (TIBO) en moneda nacional: 4,25 por ciento.",,
2026/08/05,01:30 pm,"Tipo de cambio - Venta del mercado interbancario: S/ 3,3880.",,
2026/08/05,01:25 pm,"Se colocaron S/ 800 millones de Repo de Valores Overnight a una tasa promedio de 4,36 por ciento.",800.0,S/
2026/08/05,01:15 pm,"Se colocaron S/ 1 000 millones de Depósitos a 1 semana a una tasa promedio de 4,16 por ciento.",1000.0,S/
2026/08/05,01:05 pm,"Se colocaron S/ 500 millones de Depósitos a 2 semanas a una tasa promedio de 4,20 por ciento.",500.0,S/
2026/08/05,12:30 pm,"Convocatoria de las siguientes subastas: (a) Depósitos a 2 semanas S/ 500 millones, (b) Depósitos a 1 semana S/ 1 000 millones y (c) Repo de Valores Overnight S/ 800 millones.",500.0,S/
2026/08/05,12:05 am,Liquidez inicial de las empresas bancarias en el BCRP: S/ 15 700 millones.,15700.0,S/
2026/08/05,11:05 am,"Se colocaron S/ 10 millones de CD BCRP a 18 meses a una tasa promedio de 4,16 por ciento.",10.0,S/
2026/08/05,09:30 am,Convocatoria de la siguiente subasta: CD BCRP a 18 meses S/ 10 millones.,10.0,S/
2026/08/05,09:00 am,Liquidez inicial de las empresas bancarias en el BCRP: S/ 15 400 millones.,15400.0,S/
2026/08/05,08:30 am,Vencimientos de instrumentos del BCRP del día de hoy: (a) Repo de Valores S/ 1 200 millones y (b) Depósitos BCRP S/ 350 millones.,1200.0,S/
2026/08/04,07:00 pm,"Saldo de la cuenta corriente de las empresas bancarias en el BCRP al cierre de operaciones: S/ 16 250,9 millones.",16250.9,S/
2026/08/04,06:30 pm,"Monto total Negociado en el Mercado Cambiario Spot Interbancario: US$ 397,9 millones.",397.9,US$
2026/08/04,04:45 pm,"Tasa Interbancaria Overnight (TIBO) en moneda nacional: 4,25 por ciento.",,
2026/08/04,01:30 pm,"Tipo de cambio - Venta del mercado interbancario: S/ 3,3910.",,
2026/08/04,01:25 pm,"Se colocaron S/ 1 200 millones de Repo de Valores Overnight a una tasa promedio de 4,35 por ciento.",1200.0,S/
2026/08/04,01:15 pm,"Se colocaron S/ 1 000 millones de Depósitos a 1 semana a una tasa promedio de 4,14 por ciento.",1000.0,S/
2026/08/04,12:40 pm,Convocatoria de las siguientes subastas: (a) Depósitos a 1 semana S/ 1 000 millones y (b) Repo de Valores Overnight S/ 1 200 millones.,1000.0,S/
2026/08/04,12:05 pm,Liquidez inicial de las empresas bancarias en el BCRP: S/ 15 300 millones.,15300.0,S/
2026/08/04,11:05 am,"Se colocaron S/ 50 millones de CD BCRP a 12 meses a una tasa promedio de 4,15 por ciento.",50.0,S/
2026/08/04,09:30 am,Convocatoria de la siguiente subasta: CD BCRP a 12 meses S/ 50 millones.,50.0,S/
2026/08/04,09:00 am,Liquidez inicial de las empresas bancarias en el BCRP: S/ 15 200 millones.,15200.0,S/
2026/08/04,08:30 am,"Vencimientos de instrumentos del BCRP del día de hoy: (a) CD BCRP S/ 1 600,4 millones y (b) Repo de Valores S/ 2 500 millones.",1600.4,S/
2026/08/03,07:00 pm,"Saldo de la cuenta corriente de las empresas bancarias en el BCRP al cierre de operaciones: S/ 16 174,5 millones.",16174.5,S/
2026/08/03,06:30 pm,"Monto total Negociado en el Mercado Cambiario Spot Interbancario: US$ 446,6 millones.",446.6,US$
2026/08/03,04:45 pm,"Tasa Interbancaria Overnight (TIBO) en moneda nacional: 4,25 por ciento.",,
2026/08/03,01:30 pm,"Tipo de cambio - Venta del mercado interbancario: S/ 3,3990.",,
2026/08/03,01:15 pm,"Se colocaron S/ 2 500 millones de Repo de Valores Overnight a una tasa promedio de 4,35 por ciento.",2500.0,S/
2026/08/03,12:21 pm,Convocatoria de las siguientes subastas: (a) Repo de Valores Overnight S/ 2 500 millones.,2500.0,S/
2026/08/03,12:00 pm,Liquidez inicial de las empresas bancarias en el BCRP: S/ 13 000 millones.,13000.0,S/
2026/08/03,09:00 am,Liquidez inicial de las empresas bancarias en el BCRP: S/ 13 400 millones.,13400.0,S/
2026/08/03,08:30 am,"Vencimientos de instrumentos del BCRP del día de hoy: (a) Depósitos BCRP S/ 9 464,4 millones y (b) Swap Cambiario Venta S/ 20 millones.",9464.4,S/
2026/07/31,07:00 pm,"Saldo de la cuenta corriente de las empresas bancarias en el BCRP al cierre de operaciones: S/ 3 167,9 millones.",3167.9,S/
2026/07/31,06:30 pm,"Monto total Negociado en el Mercado Cambiario Spot Interbancario: US$ 257,9 millones.",257.9,US$
2026/07/31,04:45 pm,"Tasa Interbancaria Overnight (TIBO) en moneda nacional: 4,25 por ciento.",,
2026/07/31,01:35 pm,"Se colocaron S/ 3 941,4 millones de Depósitos Overnight a una tasa promedio de 4,19 por ciento.",3941.4,S/
2026/07/31,01:30 pm,"Tipo de cambio - Venta del mercado interbancario: S/ 3,3990.",,
2026/07/31,01:15 pm,"Se colocaron S/ 999,9 millones de Depósitos a 1 semana a una tasa promedio de 4,22 por ciento.",999.9,S/
2026/07/31,01:00 pm,"Se colocaron S/ 300 millones de CD BCRP a 3 meses a una tasa promedio de 4,13 por ciento.",300.0,S/
2026/07/31,12:30 pm,"Convocatoria de las siguientes subastas: (a) CD BCRP a 3 meses S/ 300 millones, (b) Depósitos a 1 semana S/ 1 000 millones y (c) Depósitos Overnight S/ 5 100 millones.",300.0,S/
2026/07/31,12:05 pm,Liquidez inicial de las empresas bancarias en el BCRP: S/ 8 400 millones.,8400.0,S/
2026/07/31,10:15 am,"Se colocaron S/ 5 000 millones de Depósitos Overnight a una tasa promedio de 4,23 por ciento.",5000.0,S/
2026/07/31,09:40 am,Convocatoria de las siguientes subastas: (a) Depósitos Overnight S/ 5 000 millones.,5000.0,S/
2026/07/31,09:00 am,Liquidez inicial de las empresas bancarias en el BCRP: S/ 12 100 millones.,12100.0,S/
2026/07/31,08:30 am,"Vencimientos de instrumentos del BCRP del día de hoy: (a) Depósitos BCRP S/ 8 767,5 millones y (b) Swap Cambiario Venta S/ 86 millones.",8767.5,S/
2026/07/30,07:00 pm,"Saldo de la cuenta corriente de las empresas bancarias en el BCRP al cierre de operaciones: S/ 6 416,4 millones.",6416.4,S/
2026/07/30,06:30 pm,"Monto total Negociado en el Mercado Cambiario Spot Interbancario: US$ 326,8 millones.",326.8,US$
2026/07/30,04:45 pm,"Tasa Interbancaria Overnight (TIBO) en moneda nacional: 4,25 por ciento.",,
2026/07/30,01:32 pm,"Se colocaron S/ 2 557,3 millones de Depósitos Overnight a una tasa promedio de 4,20 por ciento.",2557.3,S/
2026/07/30,01:30 pm,"Tipo de cambio - Venta del mercado interbancario: S/ 3,3960.",,
2026/07/30,01:20 pm,"Se colocaron S/ 500 millones de Depósitos a 1 semana a una tasa promedio de 4,22 por ciento.",500.0,S/
2026/07/30,01:05 pm,"Se colocaron S/ 400 millones de CD BCRP a 6 meses a una tasa promedio de 4,13 por ciento.",400.0,S/
2026/07/30,12:30 pm,"Convocatoria de las siguientes subastas: (a) CD BCRP a 6 meses S/ 400 millones, (b) Depósitos a 1 semana S/ 500 millones y (c) Depósitos Overnight S/ 5 000 millones.",400.0,S/
2026/07/30,12:00 pm,Liquidez inicial de las empresas bancarias en el BCRP: S/ 9 400 millones.,9400.0,S/
2026/07/30,10:05 am,"Se colocaron S/ 5 999,9 millones de Depósitos Overnight a una tasa promedio de 4,23 por ciento.",5999.9,S/
2026/07/30,09:15 am,Convocatoria de la siguiente subasta: Depósitos Overnight S/ 6 000 millones.,6000.0,S/
2026/07/30,09:00 am,Liquidez inicial de las empresas bancarias en el BCRP: S/ 14 500 millones.,14500.0,S/
2026/07/30,08:30 am,"Vencimientos de instrumentos del BCRP del día de hoy: (a) Depósitos BCRP S/ 5 545,8 millones, (b) Swap Cambiario Compra S/ 400 millones y (c) Swap Cambiario Venta S/ 212,7 millones.",5545.8,S/
2026/07/24,07:00 pm,"Saldo de la cuenta corriente de las empresas bancarias en el BCRP al cierre de operaciones: S/ 2 760,8 millones.",2760.8,S/
2026/07/24,06:30 pm,"Monto total Negociado en el Mercado Cambiario Spot Interbancario: US$ 373,4 millones.",373.4,US$
2026/07/24,04:51 pm,"Tasa Interbancaria Overnight (TIBO) en moneda nacional: 4,25 por ciento.",,
2026/07/24,01:35 pm,"Se colocaron S/ 3 700 millones de Depósitos Overnight a una tasa promedio de 4,10 por ciento.",3700.0,S/
2026/07/24,01:30 pm,"Tipo de cambio - Venta del mercado interbancario: S/ 3,4040.",,
2026/07/24,01:15 pm,"Se colocaron S/ 500 millones de Depósitos del Tesoro Público a 6 meses a una tasa promedio de 4,46 por ciento.",500.0,S/
2026/07/24,01:05 pm,"Se colocaron S/ 300 millones de Repo de Valores a 3 meses a una tasa promedio de 4,70 por ciento.",300.0,S/
2026/07/24,12:30 pm,"Convocatoria de las siguientes subastas: (a) Depósitos Overnight S/ 3 700 millones, (b) Depósitos del Tesoro Público a 6 meses S/ 500 millones y (c) Repo de Valores a 3 meses S/ 300 millones.",3700.0,S/
2026/07/24,12:05 pm,Liquidez inicial de las empresas bancarias en el BCRP: S/ 6 900 millones.,6900.0,S/
2026/07/24,09:00 am,Liquidez inicial de las empresas bancarias en el BCRP: S/ 7 300 millones.,7300.0,S/
2026/07/24,08:30 am,"Vencimientos de instrumentos del BCRP del día de hoy: (a) CD BCRP S/ 1 800,2 millones, (b) Repo de Valores S/ 300 millones, (c) Depósitos BCRP S/ 8 021 millones, (d) Swap Cambiario Compra S/ 300 millones y (e) Swap Cambiario Venta S/ 227,1 millones.",1800.2,S/
2026/07/22,07:00 pm,"Saldo de la cuenta corriente de las empresas bancarias en el BCRP al cierre de operaciones: S/ 6 610,5 millones.",6610.5,S/
2026/07/22,06:30 pm,"Monto total Negociado en el Mercado Cambiario Spot Interbancario: US$ 655,5 millones.",655.5,US$
2026/07/22,04:33 pm,"Tasa Interbancaria Overnight (TIBO) en moneda nacional: 4,25 por ciento.",,
2026/07/22,01:35 pm,"Se colocaron S/ 4 300,1 millones de Depósitos Overnight a una tasa promedio de 4,19 por ciento.",4300.1,S/
2026/07/22,01:30 pm,"Tipo de cambio - Venta del mercado interbancario: S/ 3,4020.",,
2026/07/22,01:15 pm,"Se colocaron S/ 400 millones de CD BCRP a 6 meses a una tasa promedio de 4,14 por ciento.",400.0,S/
2026/07/22,12:30 pm,Convocatoria de las siguientes subastas: (a) CD BCRP a 6 meses S/ 400 millones y (b) Depósitos Overnight S/ 4 300 millones.,400.0,S/
2026/07/22,12:05 pm,Liquidez inicial de las empresas bancarias en el BCRP: S/ 10 700 millones.,10700.0,S/
2026/07/22,11:00 am,"Se colocaron S/ 10 millones de CD BCRP a 18 meses a una tasa promedio de 4,17 por ciento.",10.0,S/
2026/07/22,10:00 am,"Se colocaron S/ 3 000 millones de Depósitos Overnight a una tasa promedio de 4,22 por ciento.",3000.0,S/
2026/07/22,09:38 am,Convocatoria de las siguientes subastas: (a) CD BCRP a 18 meses S/ 10 millones y (b) Depósitos Overnight S/ 3 000 millones.,10.0,S/
2026/07/22,09:00 am,Liquidez inicial de las empresas bancarias en el BCRP: S/ 12 400 millones.,12400.0,S/
2026/07/22,08:30 am,"Vencimientos de instrumentos del BCRP del día de hoy: (a) Depósitos BCRP S/ 8 299,9 millones.",8299.9,S/
2026/07/21,07:00 pm,"Saldo de la cuenta corriente de las empresas bancarias en el BCRP al cierre de operaciones: S/ 7 157,7 millones.",7157.7,S/
2026/07/21,06:30 pm,"Monto total Negociado en el Mercado Cambiario Spot Interbancario: US$ 327,3 millones.",327.3,US$
2026/07/21,04:45 pm,"Tasa Interbancaria Overnight (TIBO) en moneda nacional: 4,25 por ciento.",,
2026/07/21,01:40 pm,"Se colocaron S/ 3 800 millones de Depósitos Overnight a una tasa promedio de 4,21 por ciento.",3800.0,S/
2026/07/21,01:30 pm,"Tipo de cambio - Venta del mercado interbancario: S/ 3,4020.",,
2026/07/21,01:20 pm,"Se colocaron S/ 299,8 millones de CD BCRP a 3 meses a una tasa promedio de 4,14 por ciento.",299.8,S/
2026/07/21,12:33 pm,Convocatoria de las siguientes subastas: (a) CD BCRP a 3 meses S/ 300 millones y (b) Depósitos Overnight S/ 3 800 millones.,300.0,S/
2026/07/21,12:05 pm,Liquidez inicial de las empresas bancarias en el BCRP: S/ 10 600 millones.,10600.0,S/
2026/07/21,11:20 am,"Se colocaron S/ 50 millones de CD BCRP a 12 meses a una tasa promedio de 4,15 por ciento.",50.0,S/
2026/07/21,10:05 am,"Se colocaron S/ 3 999,9 millones de Depósitos Overnight a una tasa promedio de 4,23 por ciento.",3999.9,S/
2026/07/21,09:21 am,Convocatoria de las siguientes subastas: (a) CD BCRP a 12 meses S/ 50 millones y (b) Depósitos Overnight S/ 4 000 millones.,50.0,S/
2026/07/21,09:00 am,Liquidez inicial de las empresas bancarias en el BCRP: S/ 14 300 millones.,14300.0,S/
2026/07/21,08:33 am,"Vencimientos de instrumentos del BCRP del día de hoy: (a) CD BCRP S/ 1 968,1 millones, (b) Depósitos BCRP S/ 7 500 millones, (c) Swap Cambiario Compra S/ 200 millones y (d) Swap Cambiario Venta S/ 81,8 millones.",1968.1,S/
2026/07/20,07:00 pm,"Saldo de la cuenta corriente de las empresas bancarias en el BCRP al cierre de operaciones: S/ 7 271,6 millones.",7271.6,S/
2026/07/20,06:30 pm,"Monto total Negociado en el Mercado Cambiario Spot Interbancario: US$ 280,6 millones.",280.6,US$
2026/07/20,04:45 pm,"Tasa Interbancaria Overnight (TIBO) en moneda nacional: 4,25 por ciento.",,
2026/07/20,01:35 pm,"Se colocaron S/ 3 500 millones de Depósitos Overnight a una tasa promedio de 4,21 por ciento.",3500.0,S/
2026/07/20,01:30 pm,"Tipo de cambio - Venta del mercado interbancario: S/ 3,4030.",,
2026/07/20,12:25 pm,Convocatoria de las siguiente subasta: (a) Depósitos Overnight S/ 3 500 millones.,3500.0,S/
2026/07/20,12:05 pm,Liquidez inicial de las empresas bancarias en el BCRP: S/ 10 000 millones.,10000.0,S/
2026/07/20,10:00 am,"Se colocaron S/ 3 500 millones de Depósitos Overnight a una tasa promedio de 4,23 por ciento.",3500.0,S/
2026/07/20,09:15 am,Convocatoria de las siguiente subasta: (a) Depósitos Overnight S/ 3 500 millones.,3500.0,S/
2026/07/20,09:00 am,Liquidez inicial de las empresas bancarias en el BCRP: S/ 13 500 millones.,13500.0,S/
2026/07/20,08:30 am,"Vencimientos de instrumentos del BCRP del día de hoy: (a) Depósitos BCRP S/ 6 548,8 millones.",6548.8,S/
2026/07/17,07:00 pm,"Saldo de la cuenta corriente de las empresas bancarias en el BCRP al cierre de operaciones: S/ 7 299,2 millones.",7299.2,S/
2026/07/17,06:30 pm,"Monto total Negociado en el Mercado Cambiario Spot Interbancario: US$ 454,8 millones.",454.8,US$
2026/07/17,04:45 pm,"Tasa Interbancaria Overnight (TIBO) en moneda nacional: 4,25 por ciento.",,
2026/07/17,01:39 pm,"Se colocaron S/ 3 548,8 millones de Depósitos Overnight a una tasa promedio de 4,21 por ciento.",3548.8,S/
2026/07/17,01:30 pm,"Tipo de cambio - Venta del mercado interbancario: S/ 3,4110.",,
2026/07/17,01:19 pm,"Se colocaron S/ 200 millones de Depósitos del Tesoro Público a 12 meses a una tasa promedio de 4,48 por ciento.",200.0,S/
2026/07/17,01:10 pm,"Se colocaron S/ 300,1 millones de Depósitos del Tesoro Público a 6 meses a una tasa promedio de 4,42 por ciento.",300.1,S/
2026/07/17,01:00 pm,"Se colocaron S/ 400 millones de Repo de Valores a 3 meses a una tasa promedio de 4,67 por ciento.",400.0,S/
2026/07/17,12:46 pm,"Convocatoria de las siguientes subastas: (a) Depósitos Overnight S/ 3 700 millones, (b) Depósitos del Tesoro Público a 6 meses S/ 300 millones, (c) Depósitos del Tesoro Público a 12 meses S/ 200 millones y (d) Repo de Valores a 3 meses S/ 400 millones.",3700.0,S/
2026/07/17,12:05 pm,Liquidez inicial de las empresas bancarias en el BCRP: S/ 9 300 millones.,9300.0,S/
2026/07/17,10:03 am,"Se colocaron S/ 2 500 millones de Depósitos Overnight a una tasa promedio de 4,21 por ciento.",2500.0,S/
2026/07/17,09:30 am,Convocatoria de la siguiente subasta: Depósitos Overnight S/ 2 500 millones.,2500.0,S/
2026/07/17,09:00 am,Liquidez inicial de las empresas bancarias en el BCRP: S/ 11 300 millones.,11300.0,S/
2026/07/17,08:30 am,"Vencimientos de instrumentos del BCRP del día de hoy: (a) CD BCRP S/ 1 822,8 millones, (b) Repo de Valores S/ 600 millones y (c) Depósitos BCRP S/ 7 641,1 millones.",1822.8,S/
2026/07/16,07:00 pm,"Saldo de la cuenta corriente de las empresas bancarias en el BCRP al cierre de operaciones: S/ 8 448,6 millones.",8448.6,S/
2026/07/16,06:30 pm,"Monto total Negociado en el Mercado Cambiario Spot Interbancario: US$ 487,9 millones.",487.9,US$
2026/07/16,04:45 pm,"Tasa Interbancaria Overnight (TIBO) en moneda nacional: 4,25 por ciento.",,
2026/07/16,01:40 pm,"Se colocaron S/ 3 641,2 millones de Depósitos Overnight a una tasa promedio de 4,23 por ciento.",3641.2,S/
2026/07/16,01:30 pm,"Tipo de cambio - Venta del mercado interbancario: S/ 3,3980.",,
2026/07/16,01:20 pm,"Se colocaron S/ 499,9 millones de Depósitos a 1 semana a una tasa promedio de 4,21 por ciento.",499.9,S/
2026/07/16,12:30 pm,Convocatoria de las siguientes subastas: (a) Depósitos a 1 semana S/ 500 millones y (b) Depósitos Overnight S/ 3 800 millones.,500.0,S/
2026/07/16,12:05 pm,Liquidez inicial de las empresas bancarias en el BCRP: S/ 10 800 millones.,10800.0,S/
2026/07/16,10:05 am,"Se colocaron S/ 3 999,9 millones de Depósitos Overnight a una tasa promedio de 4,22 por ciento.",3999.9,S/
2026/07/16,09:20 am,Convocatoria de la siguiente subasta: Depósitos Overnight S/ 4 000 millones.,4000.0,S/
2026/07/16,09:00 am,Liquidez inicial de las empresas bancarias en el BCRP: S/ 15 500 millones.,15500.0,S/
2026/07/16,08:30 am,"Vencimientos de instrumentos del BCRP del día de hoy: (a) Depósitos BCRP S/ 7 487,5 millones y (b) Swap Cambiario Venta S/ 5 millones.",7487.5,S/
2026/07/15,07:00 pm,"Saldo de la cuenta corriente de las empresas bancarias en el BCRP al cierre de operaciones: S/ 8 465,0 millones.",8465.0,S/
2026/07/15,06:30 pm,"Monto total Negociado en el Mercado Cambiario Spot Interbancario: US$ 496,8 millones.",496.8,US$
2026/07/15,04:45 pm,"Tasa Interbancaria Overnight (TIBO) en moneda nacional: 4,25 por ciento.",,
2026/07/15,01:35 pm,"Se colocaron S/ 3 487,5 millones de Depósitos Overnight a una tasa promedio de 4,20 por ciento.",3487.5,S/
2026/07/15,01:30 pm,"Tipo de cambio - Venta del mercado interbancario: S/ 3,3860.",,
2026/07/15,01:30 pm,"El Banco Central compró US$ 184 millones a un tipo de cambio promedio S/ 3,3844 por dólar.",184.0,US$
2026/07/15,01:25 pm,"Se colocaron S/ 400 millones de CD BCRP (pago en dólares) a 3 meses a una tasa promedio de 4,15 por ciento.",400.0,S/
2026/07/15,01:20 pm,"Se colocaron S/ 500,0 millones de Depósitos a 1 semana a una tasa promedio de 4,21 por ciento.",500.0,S/
2026/07/15,01:17 pm,"Se colocaron S/ 200 millones de Swap Cambiario Compra (tasa variable) a 3 meses, a una tasa promedio de 2,81 por ciento.",200.0,S/
2026/07/15,01:10 pm,"Se colocaron S/ 300 millones de CD BCRP a 3 meses a una tasa promedio de 4,15 por ciento.",300.0,S/
2026/07/15,01:07 pm,"Se colocaron S/ 200 millones de Depósitos del Tesoro Público a 12 meses a una tasa promedio de 4,62 por ciento.",200.0,S/
2026/07/15,01:02 pm,Convocatoria de las siguiente subasta: (a) CD BCRP (pago en dólares) a 3 meses S/ 200 millones.,200.0,S/
2026/07/15,01:01 pm,Se convocó a la siguiente subasta: Swap Cambiario Compra (tasa variable) a 3 meses por S/ 200 millones.,200.0,S/
2026/07/15,12:58 pm,"Se colocaron S/ 300 millones de Depósitos del Tesoro Público a 6 meses a una tasa promedio de 4,43 por ciento.",300.0,S/
2026/07/15,12:28 pm,"Convocatoria de las siguientes subastas: (a) CD BCRP a 3 meses S/ 300 millones, (b) Depósitos a 1 semana S/ 500 millones, (c) Depósitos Overnight S/ 4 400 millones, (d) Depósitos del Tesoro Público a 6 meses S/ 300 millones y (e) Depósitos del Tesoro Público a 12 meses S/ 200 millones.",300.0,S/
2026/07/15,12:00 pm,Liquidez inicial de las empresas bancarias en el BCRP: S/ 11 200 millones.,11200.0,S/
2026/07/15,11:00 am,"Se colocaron S/ 10 millones de CD BCRP a 18 meses a una tasa promedio de 4,19 por ciento.",10.0,S/
2026/07/15,10:00 am,"Se colocaron S/ 3 500 millones de Depósitos Overnight a una tasa promedio de 4,22 por ciento.",3500.0,S/
2026/07/15,09:25 am,Convocatoria de las siguientes subastas: (a) CD BCRP a 18 meses S/ 10 millones y (b) Depósitos Overnight S/ 3 500 millones.,10.0,S/
2026/07/15,09:00 am,Liquidez inicial de las empresas bancarias en el BCRP: S/ 14 100 millones.,14100.0,S/
2026/07/15,08:30 am,"Vencimientos de instrumentos del BCRP del día de hoy: (a) Depósitos BCRP S/ 7 500 millones y (b) Swap Cambiario Venta S/ 275,3 millones.",7500.0,S/
2026/07/14,07:00 pm,"Saldo de la cuenta corriente de las empresas bancarias en el BCRP al cierre de operaciones: S/ 7 310,6 millones.",7310.6,S/
2026/07/14,06:30 pm,"Monto total Negociado en el Mercado Cambiario Spot Interbancario: US$ 340,0 millones.",340.0,US$
2026/07/14,04:45 pm,"Tasa Interbancaria Overnight (TIBO) en moneda nacional: 4,25 por ciento.",,
2026/07/14,01:38 pm,"Se colocaron S/ 4 000 millones de Depósitos Overnight a una tasa promedio de 4,19 por ciento.",4000.0,S/
2026/07/14,01:30 pm,"Tipo de cambio - Venta del mercado interbancario: S/ 3,3920.",,
2026/07/14,01:21 pm,"Se colocaron S/ 500 millones de Depósitos a 1 semana a una tasa promedio de 4,19 por ciento.",500.0,S/
2026/07/14,01:10 pm,"Se colocaron S/ 500 millones de CD BCRP a 3 meses a una tasa promedio de 4,15 por ciento.",500.0,S/
2026/07/14,12:35 pm,"Convocatoria de las siguientes subastas: (a) CD BCRP a 3 meses S/ 500 millones, (b) Depósitos a 1 semana S/ 500 millones y (c) Depósitos Overnight S/ 4 000 millones.",500.0,S/
2026/07/14,12:03 pm,Liquidez inicial de las empresas bancarias en el BCRP: S/ 11 500 millones.,11500.0,S/
2026/07/14,11:13 am,"Se colocaron S/ 50 millones de CD BCRP a 12 meses a una tasa promedio de 4,16 por ciento.",50.0,S/
2026/07/14,10:10 am,"Se colocaron S/ 3 500 millones de Depósitos Overnight a una tasa promedio de 4,20 por ciento.",3500.0,S/
2026/07/14,09:05 am,Convocatoria de las siguientes subastas: (a) CD BCRP a 12 meses S/ 50 millones y (b) Depósitos Overnight S/ 3 500 millones.,50.0,S/
2026/07/14,09:00 am,Liquidez inicial de las empresas bancarias en el BCRP: S/ 14 700 millones.,14700.0,S/
2026/07/14,08:30 am,"Vencimientos de instrumentos del BCRP del día de hoy: (a) CD BCRP S/ 1 805 millones, (b) Depósitos BCRP S/ 7 100,1 millones y (c) Swap Cambiario Venta S/ 210,6 millones.",1805.0,S/
2026/07/13,06:30 pm,"Monto total Negociado en el Mercado Cambiario Spot Interbancario: US$ 345,01 millones.",345.01,US$
2026/07/13,04:46 pm,"Tasa Interbancaria Overnight (TIBO) en moneda nacional: 4,25 por ciento.",,
2026/07/13,01:40 pm,"Se colocaron S/ 3 400 millones de Depósitos Overnight a una tasa promedio de 4,19 por ciento.",3400.0,S/
2026/07/13,01:30 pm,"Tipo de cambio - Venta del mercado interbancario: S/ 3,4060.",,
2026/07/13,01:20 pm,"Se colocaron S/ 500 millones de Depósitos a 1 semana a una tasa promedio de 4,20 por ciento.",500.0,S/
2026/07/13,12:30 pm,Convocatoria de las siguientes subastas: (a) Depósitos a 1 semana S/ 500 millones y (b) Depósitos Overnight S/ 3 400 millones.,500.0,S/
2026/07/13,12:05 pm,Liquidez inicial de las empresas bancarias en el BCRP: S/ 10 900 millones.,10900.0,S/
2026/07/13,10:05 am,"Se colocaron S/ 2 500 millones de Depósitos Overnight a una tasa promedio de 4,18 por ciento.",2500.0,S/
2026/07/13,09:20 am,Convocatoria de la siguiente subasta: Depósitos Overnight S/ 2 500 millones.,2500.0,S/
2026/07/13,09:05 am,Liquidez inicial de las empresas bancarias en el BCRP: S/ 13 300 millones.,13300.0,S/
2026/07/13,08:30 am,"Vencimientos de instrumentos del BCRP del día de hoy: (a) Depósitos BCRP S/ 4 399,9 millones.",4399.9,S/
2026/07/10,07:00 pm,"Saldo de la cuenta corriente de las empresas bancarias en el BCRP al cierre de operaciones: S/ 8 625,4 millones.",8625.4,S/
2026/07/10,06:30 pm,"Monto total Negociado en el Mercado Cambiario Spot Interbancario: US$ 397,8 millones.",397.8,US$
2026/07/10,06:30 pm,"Monto total Negociado en el Mercado Cambiario Spot Interbancario US$ 397,8 millones.",397.8,US$
2026/07/10,04:45 pm,"Tasa Interbancaria Overnight (TIBO) en moneda nacional: 4,25 por ciento.",,
2026/07/10,01:40 pm,"Se colocaron S/ 2 399,9 millones de Depósitos Overnight a una tasa promedio de 4,18 por ciento.",2399.9,S/
2026/07/10,01:30 pm,"Tipo de cambio - Venta del mercado interbancario: S/ 3,3940.",,
2026/07/10,01:15 pm,"Se colocaron S/ 400 millones de CD BCRP (pago en dólares) a 2 meses a una tasa promedio de 4,18 por ciento.",400.0,S/
2026/07/10,01:05 pm,"Se colocaron S/ 600 millones de Repo de Valores a 3 meses a una tasa promedio de 4,72 por ciento.",600.0,S/
2026/07/10,12:55 pm,Convocatoria de la siguiente subasta: CD BCRP (pago en dólares) a 2 meses S/ 300 millones.,300.0,S/
2026/07/10,12:30 pm,Convocatoria de las siguientes subastas: (a) Depósitos Overnight S/ 2 400 millones y (b) Repo de Valores a 3 meses S/ 600 millones.,2400.0,S/
2026/07/10,12:05 pm,Liquidez inicial de las empresas bancarias en el BCRP: S/ 9 300 millones.,9300.0,S/
2026/07/10,10:05 am,"Se colocaron S/ 1 500 millones de Depósitos Overnight a una tasa promedio de 4,18 por ciento.",1500.0,S/
2026/07/10,09:20 am,Convocatoria de la siguiente subasta: Depósitos Overnight S/ 1 500 millones.,1500.0,S/
2026/07/10,09:06 am,Liquidez inicial de las empresas bancarias en el BCRP: S/ 10 200 millones.,10200.0,S/
2026/07/10,08:30 am,"Vencimientos de instrumentos del BCRP del día de hoy: (a) Repo de Valores S/ 500 millones, (b) Depósitos BCRP S/ 4 799,9 millones y (c) Depósitos del Tesoro Público S/ 42 millones.",500.0,S/
2026/07/09,07:00 pm,"Saldo de la cuenta corriente de las empresas bancarias en el BCRP al cierre de operaciones: S/ 10 090,9 millones.",10090.9,S/
2026/07/09,06:30 pm,"Monto total Negociado en el Mercado Cambiario Spot Interbancario: US$ 323,9 millones.",323.9,US$
2026/07/09,04:45 pm,"Tasa Interbancaria Overnight (TIBO) en moneda nacional: 4,25 por ciento.",,
2026/07/09,01:40 pm,"Se colocaron S/ 3 300 millones de Depósitos Overnight a una tasa promedio de 4,15 por ciento.",3300.0,S/
2026/07/09,01:31 pm,"Se colocaron S/ 300 millones de CD BCRP (pago en dólares) a 2 meses a una tasa promedio de 4,13 por ciento.",300.0,S/
2026/07/09,01:30 pm,"Tipo de cambio - Venta del mercado interbancario: S/ 3,3990.",,
2026/07/09,01:22 pm,"Se colocaron S/ 500 millones de Depósitos a 1 semana a una tasa promedio de 4,19 por ciento.",500.0,S/
2026/07/09,01:21 pm,"Se colocaron S/ 300 millones de Swap Cambiario Compra (tasa variable) a 3 meses, a una tasa promedio de 2,88 por ciento.",300.0,S/
2026/07/09,01:06 pm,Se convocó a la siguiente subasta: Swap Cambiario Compra (tasa variable) a 3 meses por S/ 300 millones.,300.0,S/
2026/07/09,01:05 pm,Convocatoria de la siguiente subasta: CD BCRP (pago en dólares) a 2 meses S/ 300 millones.,300.0,S/
2026/07/09,12:33 pm,Convocatoria de las siguientes subastas: (a) Depósitos a 1 semana S/ 500 millones y (b) Depósitos Overnight S/ 3 300 millones.,500.0,S/
2026/07/09,12:03 pm,Liquidez inicial de las empresas bancarias en el BCRP: S/ 12 300 millones.,12300.0,S/
2026/07/09,10:10 am,"Se colocaron S/ 1 499,9 millones de Depósitos Overnight a una tasa promedio de 4,13 por ciento.",1499.9,S/
2026/07/09,09:30 am,Convocatoria de la siguiente subasta: (a) Depósitos Overnight S/ 1 500 millones.,1500.0,S/
2026/07/09,09:00 am,Liquidez inicial de las empresas bancarias en el BCRP: S/ 13 200 millones.,13200.0,S/
2026/07/09,08:30 am,Vencimientos de instrumentos del BCRP del día de hoy: (a) Depósitos BCRP S/ 3 250 millones.,3250.0,S/
2026/07/08,07:00 pm,"Saldo de la cuenta corriente de las empresas bancarias en el BCRP al cierre de operaciones: S/ 11 480,6 millones.",11480.6,S/
2026/07/08,06:30 pm,"Monto total Negociado en el Mercado Cambiario Spot Interbancario: US$ 516,9 millones.",516.9,US$
2026/07/08,04:45 pm,"Tasa Interbancaria Overnight (TIBO) en moneda nacional: 4,25 por ciento.",,
2026/07/08,01:34 pm,"Se colocaron S/ 3 200 millones de Depósitos Overnight a una tasa promedio de 4,09 por ciento.",3200.0,S/
2026/07/08,01:30 pm,"Tipo de cambio - Venta del mercado interbancario: S/ 3,4100.",,
2026/07/08,01:20 pm,"Se colocaron S/ 400 millones de CD BCRP a 6 meses a una tasa promedio de 4,14 por ciento.",400.0,S/
2026/07/08,12:35 pm,Convocatoria de las siguientes subastas: (a) CD BCRP a 6 meses S/ 400 millones y (b) Depósitos Overnight S/ 3 200 millones.,400.0,S/
2026/07/08,12:00 pm,Liquidez inicial de las empresas bancarias en el BCRP: S/ 13 100 millones.,13100.0,S/
2026/07/08,11:10 am,"Se colocaron S/ 13,3 millones de CD BCRP a 18 meses a una tasa promedio de 4,22 por ciento.",13.3,S/
2026/07/08,09:01 am,Convocatoria de la siguiente subasta: (a) CD BCRP a 18 meses S/ 30 millones.,30.0,S/
2026/07/08,09:00 am,Liquidez inicial de las empresas bancarias en el BCRP: S/ 13 300 millones.,13300.0,S/
2026/07/08,08:30 am,Vencimientos de instrumentos del BCRP del día de hoy: (a) Depósitos BCRP S/ 1 900 millones y (b) Repo de monedas (Regular) S/ 200 millones.,1900.0,S/
2026/07/07,07:00 pm,"Saldo de la cuenta corriente de las empresas bancarias en el BCRP al cierre de operaciones: S/ 12 630,4 millones.",12630.4,S/
2026/07/07,06:30 pm,"Monto total Negociado en el Mercado Cambiario Spot Interbancario: US$ 426,6 millones.",426.6,US$
2026/07/07,04:46 pm,"Tasa Interbancaria Overnight (TIBO) en moneda nacional: 4,25 por ciento.",,
2026/07/07,01:35 pm,"Se colocaron S/ 1 900 millones de Depósitos Overnight a una tasa promedio de 4,13 por ciento.",1900.0,S/
2026/07/07,01:30 pm,"Tipo de cambio - Venta del mercado interbancario: S/ 3,3980.",,
2026/07/07,01:15 pm,"Se colocaron S/ 1 000,1 millones de Depósitos a 1 semana a una tasa promedio de 4,20 por ciento.",1000.1,S/
2026/07/07,01:00 pm,"Se colocaron S/ 400 millones de CD BCRP a 3 meses a una tasa promedio de 4,15 por ciento.",400.0,S/
2026/07/07,12:31 pm,"Convocatoria de las siguientes subastas: (a) CD BCRP a 3 meses S/ 400 millones, (b) Depósitos a 1 semana S/ 1 000 millones y (c) Depósitos Overnight S/ 1 900 millones.",400.0,S/
2026/07/07,12:05 pm,Liquidez inicial de las empresas bancarias en el BCRP: S/ 14 300 millones.,14300.0,S/
2026/07/07,11:00 am,"Se colocaron S/ 50 millones de CD BCRP a 12 meses a una tasa promedio de 4,14 por ciento.",50.0,S/
2026/07/07,09:16 am,Convocatoria de la siguiente subasta: (a) CD BCRP a 12 meses S/ 50 millones.,50.0,S/
2026/07/07,09:00 am,Liquidez inicial de las empresas bancarias en el BCRP: S/ 14 600 millones.,14600.0,S/
2026/07/07,08:30 am,Vencimientos de instrumentos del BCRP del día de hoy: (a) Depósitos BCRP S/ 2 100 millones.,2100.0,S/
2026/07/06,07:00 pm,"Saldo de la cuenta corriente de las empresas bancarias en el BCRP al cierre de operaciones: S/ 12 640,4 millones.",12640.4,S/
2026/07/06,06:30 pm,"Monto total Negociado en el Mercado Cambiario Spot Interbancario: US$ 462,7 millones.",462.7,US$
2026/07/06,04:43 pm,"Tasa Interbancaria Overnight (TIBO) en moneda nacional: 4,25 por ciento.",,
2026/07/06,01:39 pm,"Se colocaron S/ 1 600 millones de Depósitos Overnight a una tasa promedio de 4,14 por ciento.",1600.0,S/
2026/07/06,01:30 pm,"Tipo de cambio - Venta del mercado interbancario: S/ 3,4100.",,
2026/07/06,01:19 pm,"Se colocaron S/ 500 millones de Depósitos a 1 semana a una tasa promedio de 4,21 por ciento.",500.0,S/
2026/07/06,12:37 pm,Convocatoria de las siguientes subastas: (a) Depósitos a 1 semana S/ 500 millones y (b) Depósitos Overnight S/ 1 600 millones.,500.0,S/
2026/07/06,12:00 pm,Liquidez inicial de las empresas bancarias en el BCRP: S/ 14 600 millones.,14600.0,S/
2026/07/06,09:00 am,Liquidez inicial de las empresas bancarias en el BCRP: S/ 14 300 millones.,14300.0,S/
2026/07/06,08:30 am,Vencimientos de instrumentos del BCRP del día de hoy: (a) Repo de Valores S/ 2 200 millones y (b) Depósitos BCRP S/ 230 millones.,2200.0,S/
2026/07/03,07:00 pm,"Saldo de la cuenta corriente de las empresas bancarias en el BCRP al cierre de operaciones: S/ 16 073,2 millones.",16073.2,S/
2026/07/03,06:30 pm,"Monto total Negociado en el Mercado Cambiario Spot Interbancario: US$ 275,2 millones.",275.2,US$
2026/07/03,04:45 pm,"Tasa Interbancaria Overnight (TIBO) en moneda nacional: 4,25 por ciento.",,
2026/07/03,01:30 pm,"Tipo de cambio - Venta del mercado interbancario: S/ 3,4020.",,
2026/07/03,01:27 pm,"Se colocaron S/ 2 200 millones de Repo de Valores Overnight a una tasa promedio de 4,40 por ciento.",2200.0,S/
2026/07/03,01:20 pm,"Se colocaron S/ 400 millones de Depósitos del Tesoro Público a 6 meses a una tasa promedio de 4,45 por ciento.",400.0,S/
2026/07/03,01:10 pm,"Se colocaron S/ 600 millones de Repo de Valores a 3 meses a una tasa promedio de 4,68 por ciento.",600.0,S/
2026/07/03,12:35 pm,"Convocatoria de las siguientes subastas: (a) Depósitos del Tesoro Público a 6 meses S/ 400 millones, (b) Repo de Valores a 3 meses S/ 600 millones y (c) Repo de Valores Overnight S/ 2 200 millones.",400.0,S/
2026/07/03,12:05 pm,Liquidez inicial de las empresas bancarias en el BCRP: S/ 11 800 millones.,11800.0,S/
2026/07/03,09:56 am,"Se colocaron S/ 300 millones de Swap Cambiario Compra (tasa variable) a 3 meses, a una tasa promedio de 2,73 por ciento.",300.0,S/
2026/07/03,09:17 am,Se convocó a la siguiente subasta: Swap Cambiario Compra (tasa variable) a 3 meses por S/ 300 millones.,300.0,S/
2026/07/03,09:05 am,Liquidez inicial de las empresas bancarias en el BCRP: S/ 12 100 millones.,12100.0,S/
2026/07/03,08:30 am,"Vencimientos de instrumentos del BCRP del día de hoy: (a) Repo de Valores S/ 2 680 millones, (b) Depósitos BCRP S/ 700 millones y (c) Depósitos del Tesoro Público S/ 500 millones.",2680.0,S/
2026/07/02,07:00 pm,"Saldo de la cuenta corriente de las empresas bancarias en el BCRP al cierre de operaciones: S/ 15 874,7 millones.",15874.7,S/
2026/07/02,06:30 pm,"Monto total Negociado en el Mercado Cambiario Spot Interbancario: US$ 394,0 millones.",394.0,US$
2026/07/02,04:30 pm,"Tasa Interbancaria Overnight (TIBO) en moneda nacional: 4,25 por ciento.",,
2026/07/02,01:30 pm,"Tipo de cambio - Venta del mercado interbancario: S/ 3,4030.",,
2026/07/02,01:28 pm,"Se colocaron S/ 200 millones de CD BCRP (pago en dólares) a 2 meses a una tasa promedio de 4,16 por ciento.",200.0,S/
2026/07/02,01:25 pm,"Se colocaron S/ 400 millones de Swap Cambiario Compra (tasa variable) a 2 meses, a una tasa promedio de 2,87 por ciento.",400.0,S/
2026/07/02,01:20 pm,"Se colocaron S/ 2 100 millones de Repo de Valores Overnight a una tasa promedio de 4,37 por ciento.",2100.0,S/
2026/07/02,12:55 pm,Se convocó a la siguiente subasta: Swap Cambiario Compra (tasa variable) a 3 meses por S/ 400 millones.,400.0,S/
2026/07/02,12:55 pm,Convocatoria de la siguiente subasta: CD BCRP (pago en dólares) a 2 meses S/ 200 millones.,200.0,S/
2026/07/02,12:30 pm,Convocatoria de la siguiente subasta: Repo de Valores Overnight S/ 2 100 millones.,2100.0,S/
2026/07/02,12:05 pm,Liquidez inicial de las empresas bancarias en el BCRP: S/ 13 400 millones.,13400.0,S/
2026/07/02,09:00 am,Liquidez inicial de las empresas bancarias en el BCRP: S/ 13 300 millones.,13300.0,S/
2026/07/02,08:30 am,"Vencimientos de instrumentos del BCRP del día de hoy: (a) CD BCRP S/ 400,2 millones, (b) Repo de Valores S/ 3 000 millones y (c) Depósitos BCRP S/ 499,9 millones.",400.2,S/
2026/07/01,07:00 pm,"Saldo de la cuenta corriente de las empresas bancarias en el BCRP al cierre de operaciones: S/ 15 799,5 millones.",15799.5,S/
2026/07/01,06:30 pm,"Monto total Negociado en el Mercado Cambiario Spot Interbancario: US$ 393,1 millones.",393.1,US$
2026/07/01,04:30 pm,"Tasa Interbancaria Overnight (TIBO) en moneda nacional: 4,25 por ciento.",,
2026/07/01,01:30 pm,"Tipo de cambio - Venta del mercado interbancario: S/ 3,4180.",,
2026/07/01,01:23 pm,"Se colocaron S/ 3 000 millones de Repo de Valores Overnight a una tasa promedio de 4,35 por ciento.",3000.0,S/
2026/07/01,12:32 pm,Convocatoria de la siguiente subasta: (a) Repo de Valores Overnight S/ 3 000 millones.,3000.0,S/
2026/07/01,12:00 pm,Liquidez inicial de las empresas bancarias en el BCRP: S/ 12 000 millones.,12000.0,S/
2026/07/01,11:05 am,"Se colocaron S/ 20 millones de CD BCRP a 18 meses a una tasa promedio de 4,21 por ciento.",20.0,S/
2026/07/01,09:12 am,Convocatoria de la siguiente subasta: (a) CD BCRP a 18 meses S/ 20 millones.,20.0,S/
2026/07/01,09:00 am,Liquidez inicial de las empresas bancarias en el BCRP: S/ 12 100 millones.,12100.0,S/
2026/07/01,08:30 am,"Vencimientos de instrumentos del BCRP del día de hoy: (a) Depósitos BCRP S/ 8 222,1 millones y (b) Swap Cambiario Venta S/ 215,5 millones.",8222.1,S/
2026/06/30,07:00 pm,"Saldo de la cuenta corriente de las empresas bancarias en el BCRP al cierre de operaciones: S/ 4 327,0 millones.",4327.0,S/
2026/06/30,06:30 pm,"Monto total Negociado en el Mercado Cambiario Spot Interbancario: US$ 589,5 millones.",589.5,US$
2026/06/30,04:45 pm,"Tasa Interbancaria Overnight (TIBO) en moneda nacional: 4,25 por ciento.",,
2026/06/30,01:38 pm,"Se colocaron S/ 2 198,7 millones de Depósitos Overnight a una tasa promedio de 4,22 por ciento.",2198.7,S/
2026/06/30,01:30 pm,"Tipo de cambio - Venta del mercado interbancario: S/ 3,4090.",,
2026/06/30,01:29 pm,"Se colocaron S/ 200 millones de CD BCRP (pago en dólares) a 3 meses a una tasa promedio de 4,19 por ciento.",200.0,S/
2026/06/30,01:22 pm,"Se colocaron S/ 200 millones de Swap Cambiario Compra (tasa variable) a 2 meses, a una tasa promedio de 2,74 por ciento.",200.0,S/
2026/06/30,01:18 pm,"Se colocaron S/ 500 millones de Depósitos a 1 semanas a una tasa promedio de 4,21 por ciento.",500.0,S/
2026/06/30,01:00 pm,Convocatoria de la siguiente subasta: CD BCRP (pago en dólares) a 3 meses S/ 200 millones.,200.0,S/
2026/06/30,12:59 pm,Se convocó a la siguiente subasta: Swap Cambiario Compra (tasa variable) a 2 meses por S/ 200 millones.,200.0,S/
2026/06/30,12:25 pm,Convocatoria de las siguientes subastas: (a) Depósitos a 1 semana S/ 500 millones y (b) Depósitos Overnight S/ 4 100 millones.,500.0,S/
2026/06/30,12:00 pm,Liquidez inicial de las empresas bancarias en el BCRP: S/ 6 600 millones.,6600.0,S/
2026/06/30,11:05 am,"Se colocaron S/ 50 millones de CD BCRP a 12 meses a una tasa promedio de 4,15 por ciento.",50.0,S/
2026/06/30,10:09 am,"Se colocaron S/ 4 443,6 millones de Depósitos Overnight a una tasa promedio de 4,22 por ciento.",4443.6,S/
2026/06/30,09:10 am,Convocatoria de las siguientes subastas: (a) CD BCRP a 12 meses S/ 50 millones y (b) Depósitos Overnight S/ 5 000 millones.,50.0,S/
2026/06/30,09:00 am,Liquidez inicial de las empresas bancarias en el BCRP: S/ 10 700 millones.,10700.0,S/
2026/06/30,08:30 am,"Vencimientos de instrumentos del BCRP del día de hoy: (a) Depósitos BCRP S/ 6 111,4 millones y (b) Swap Cambiario Venta S/ 265,7 millones.",6111.4,S/
2026/06/26,07:00 pm,"Saldo de la cuenta corriente de las empresas bancarias en el BCRP al cierre de operaciones: S/ 2 240,4 millones.",2240.4,S/
2026/06/26,06:30 pm,"Monto total Negociado en el Mercado Cambiario Spot Interbancario: US$ 675,7 millones.",675.7,US$
2026/06/26,05:04 pm,"Tasa Interbancaria Overnight (TIBO) en moneda nacional: 4,25 por ciento.",,
2026/06/26,01:40 pm,"Se colocaron S/ 2 464,3 millones de Depósitos Overnight a una tasa promedio de 4,16 por ciento.",2464.3,S/
2026/06/26,01:30 pm,"Tipo de cambio - Venta del mercado interbancario: S/ 3,4140.",,
2026/06/26,01:20 pm,"Se colocaron S/ 500 millones de Depósitos a 1 semanas a una tasa promedio de 4,21 por ciento.",500.0,S/
2026/06/26,01:05 pm,"Se colocaron S/ 500 millones de Repo de Valores a 3 meses a una tasa promedio de 4,64 por ciento.",500.0,S/
2026/06/26,12:30 pm,"Convocatoria de las siguientes subastas: (a) Depósitos a 1 semanas S/ 500 millones, (b) Depósitos Overnight S/ 2 600 millones y (c) Repo de Valores a 3 meses S/ 500 millones.",500.0,S/
2026/06/26,12:05 pm,Liquidez inicial de las empresas bancarias en el BCRP: S/ 5 100 millones.,5100.0,S/
2026/06/26,10:05 am,"Se colocaron S/ 2 000 millones de Depósitos Overnight a una tasa promedio de 4,19 por ciento.",2000.0,S/
2026/06/26,09:05 am,Convocatoria de la siguiente subasta: Depósitos Overnight S/ 2 000 millones.,2000.0,S/
2026/06/26,09:00 am,Liquidez inicial de las empresas bancarias en el BCRP: S/ 6 700 millones.,6700.0,S/
2026/06/26,08:30 am,"Vencimientos de instrumentos del BCRP del día de hoy: (a) Repo de Valores S/ 400 millones, (b) Depósitos BCRP S/ 7 048,7 millones y (c) Depósitos del Tesoro Público S/ 200 millones.",400.0,S/
2026/06/25,07:00 pm,"Saldo de la cuenta corriente de las empresas bancarias en el BCRP al cierre de operaciones: S/ 3 968,9 millones.",3968.9,S/
2026/06/25,06:30 pm,"Monto total Negociado en el Mercado Cambiario Spot Interbancario: US$ 809,9 millones.",809.9,US$
2026/06/25,04:45 pm,"Tasa Interbancaria Overnight (TIBO) en moneda nacional: 4,25 por ciento.",,
2026/06/25,01:38 pm,"Se colocaron S/ 2 448,7 millones de Depósitos Overnight a una tasa promedio de 4,17 por ciento.",2448.7,S/
2026/06/25,01:30 pm,"Tipo de cambio - Venta del mercado interbancario: S/ 3,4100.",,
2026/06/25,01:29 pm,La subasta de CD BCRP (pago en dólares) a 2 meses por S/ 200 millones se declaró desierta.,200.0,S/
2026/06/25,01:25 pm,"Se colocaron S/ 400 millones de Swap Cambiario Compra (tasa variable) a 3 meses, a una tasa promedio de 2,66 por ciento.",400.0,S/
2026/06/25,01:22 pm,"Se colocaron S/ 499,9 millones de Depósitos a 1 semana a una tasa promedio de 4,22 por ciento.",499.9,S/
2026/06/25,01:18 pm,Convocatoria de la siguiente subasta: CD BCRP (pago en dólares) a 2 meses S/ 200 millones.,200.0,S/
2026/06/25,01:17 pm,Se convocó a la siguiente subasta: Swap Cambiario Compra (tasa variable) a 3 meses por S/ 400 millones.,400.0,S/
2026/06/25,01:12 pm,"Se colocaron S/ 300 millones de CD BCRP a 6 meses a una tasa promedio de 4,16 por ciento.",300.0,S/
2026/06/25,12:30 pm,"Convocatoria de las siguientes subastas: (a) CD BCRP a 6 meses S/ 300 millones, (b) Depósitos a 1 semana S/ 500 millones y (c) Depósitos Overnight S/ 2 900 millones.",300.0,S/
2026/06/25,12:00 pm,Liquidez inicial de las empresas bancarias en el BCRP: S/ 6 700 millones.,6700.0,S/
2026/06/25,10:10 am,"Se colocaron S/ 4 000 millones de Depósitos Overnight a una tasa promedio de 4,22 por ciento.",4000.0,S/
2026/06/25,09:05 am,Convocatoria de las siguientes subastas: (a) Depósitos Overnight S/ 4 000 millones.,4000.0,S/
2026/06/25,09:00 am,Liquidez inicial de las empresas bancarias en el BCRP: S/ 9 800 millones.,9800.0,S/
2026/06/25,08:45 am,"Vencimientos de instrumentos del BCRP del día de hoy: (a) Depósitos BCRP S/ 6 999,9 millones y (b) Swap Cambiario Venta S/ 90 millones.",6999.9,S/
2026/06/24,07:00 pm,"Saldo de la cuenta corriente de las empresas bancarias en el BCRP al cierre de operaciones: S/ 3 503,9 millones.",3503.9,S/
2026/06/24,06:30 pm,"Monto total Negociado en el Mercado Cambiario Spot Interbancario: US$ 552,2 millones.",552.2,US$
2026/06/24,04:30 pm,"Tasa Interbancaria Overnight (TIBO) en moneda nacional: 4,25 por ciento.",,
2026/06/24,01:39 pm,"Se colocaron S/ 2 500 millones de Depósitos Overnight a una tasa promedio de 4,20 por ciento.",2500.0,S/
2026/06/24,01:30 pm,"Tipo de cambio - Venta del mercado interbancario: S/ 3,4230.",,
2026/06/24,01:19 pm,"Se colocaron S/ 1 000,1 millones de Depósitos a 1 semana a una tasa promedio de 4,23 por ciento.",1000.1,S/
2026/06/24,12:35 pm,Convocatoria de las siguientes subastas: (a) Depósitos a 1 semana S/ 1 000 millones y (b) Depósitos Overnight S/ 2 500 millones.,1000.0,S/
2026/06/24,12:00 pm,Liquidez inicial de las empresas bancarias en el BCRP: S/ 6 500 millones.,6500.0,S/
2026/06/24,11:06 am,"Se colocaron S/ 20 millones de CD BCRP a 18 meses a una tasa promedio de 4,18 por ciento.",20.0,S/
2026/06/24,10:04 am,"Se colocaron S/ 3 999,9 millones de Depósitos Overnight a una tasa promedio de 4,22 por ciento.",3999.9,S/
2026/06/24,09:05 am,Convocatoria de las siguientes subastas: (a) CD BCRP a 18 meses S/ 20 millones y (b) Depósitos Overnight S/ 4 000 millones.,20.0,S/
2026/06/24,09:00 am,Liquidez inicial de las empresas bancarias en el BCRP: S/ 10 100 millones.,10100.0,S/
2026/06/24,08:30 am,"Vencimientos de instrumentos del BCRP del día de hoy: (a) Depósitos BCRP S/ 7 574,9 millones y (b) Swap Cambiario Venta S/ 141 millones.",7574.9,S/
2026/06/23,07:00 pm,"Saldo de la cuenta corriente de las empresas bancarias en el BCRP al cierre de operaciones: S/ 3 331,7 millones.",3331.7,S/
2026/06/23,06:30 pm,"Monto total Negociado en el Mercado Cambiario Spot Interbancario: US$ 468,6 millones.",468.6,US$
2026/06/23,04:30 pm,"Tasa Interbancaria Overnight (TIBO) en moneda nacional: 4,25 por ciento.",,
2026/06/23,01:30 pm,"Tipo de cambio - Venta del mercado interbancario: S/ 3,4060.",,
2026/06/23,01:20 pm,"Se colocaron S/ 1 000,1 millones de Depósitos a 1 semana a una tasa promedio de 4,21 por ciento.",1000.1,S/
2026/06/23,01:12 pm,"Se colocaron S/ 100 millones de CD BCRP a 9 meses a una tasa promedio de 4,14 por ciento.",100.0,S/
2026/06/23,01:00 pm,"Se colocaron S/ 500 millones de CD BCRP a 3 meses a una tasa promedio de 4,14 por ciento.",500.0,S/
2026/06/23,12:30 pm,"Convocatoria de las siguientes subastas: (a) CD BCRP a 3 meses S/ 500 millones, (b) CD BCRP a 9 meses S/ 100 millones, (c) Depósitos a 1 semana S/ 1 000 millones y (d) Depósitos Overnight S/ 3 000 millones.",500.0,S/
2026/06/23,12:00 pm,Liquidez inicial de las empresas bancarias en el BCRP: S/ 7 600 millones.,7600.0,S/
2026/06/23,11:10 am,"Se colocaron S/ 40 millones de CD BCRP a 12 meses a una tasa promedio de 4,15 por ciento.",40.0,S/
2026/06/23,10:09 am,"Se colocaron S/ 3 499,9 millones de Depósitos Overnight a una tasa promedio de 4,22 por ciento.",3499.9,S/
2026/06/23,09:35 am,Convocatoria de las siguientes subastas: (a) CD BCRP a 12 meses S/ 40 millones y (b) Depósitos Overnight S/ 3 500 millones.,40.0,S/
2026/06/23,09:00 am,Liquidez inicial de las empresas bancarias en el BCRP: S/ 10 500 millones.,10500.0,S/
2026/06/23,08:30 am,"Vencimientos de instrumentos del BCRP del día de hoy: (a) CD BCRP S/ 1 650,7 millones, (b) Depósitos BCRP S/ 6 502,7 millones y (c) Swap Cambiario Venta S/ 160,8 millones.",1650.7,S/
2026/06/22,07:00 pm,"Saldo de la cuenta corriente de las empresas bancarias en el BCRP al cierre de operaciones: S/ 4 958,7 millones.",4958.7,S/
2026/06/22,06:30 pm,"Monto total Negociado en el Mercado Cambiario Spot Interbancario: US$ 438,5 millones.",438.5,US$
2026/06/22,04:36 pm,"Tasa Interbancaria Overnight (TIBO) en moneda nacional: 4,25 por ciento.",,
2026/06/22,01:41 pm,"Se colocaron S/ 2 500 millones de Depósitos Overnight a una tasa promedio de 4,20 por ciento.",2500.0,S/
2026/06/22,01:30 pm,"Tipo de cambio - Venta del mercado interbancario: S/ 3,3900.",,
2026/06/22,01:18 pm,"Se colocaron S/ 500 millones de Depósitos a 1 semanas a una tasa promedio de 4,20 por ciento.",500.0,S/
2026/06/22,01:11 pm,"Se colocaron S/ 400 millones de CD BCRP a 6 meses a una tasa promedio de 4,15 por ciento.",400.0,S/
2026/06/22,12:24 pm,"Convocatoria de las siguientes subastas: (a) CD BCRP a 6 meses S/ 400 millones, (b) Depósitos a 1 semanas S/ 500 millones y (c) Depósitos Overnight S/ 2 500 millones.",400.0,S/
2026/06/22,12:05 pm,Liquidez inicial de las empresas bancarias en el BCRP: S/ 7 900 millones.,7900.0,S/
2026/06/22,10:11 am,"Se colocaron S/ 3 500,1 millones de Depósitos Overnight a una tasa promedio de 4,21 por ciento.",3500.1,S/
2026/06/22,09:05 am,Convocatoria de las siguientes subastas: (a) Depósitos Overnight S/ 3 500 millones.,3500.0,S/
2026/06/22,09:00 am,Liquidez inicial de las empresas bancarias en el BCRP: S/ 10 500 millones.,10500.0,S/
2026/06/22,08:30 am,"Vencimientos de instrumentos del BCRP del día de hoy: (a) Depósitos BCRP S/ 5 567,1 millones y (b) Swap Cambiario Venta S/ 70 millones.",5567.1,S/
2026/06/19,07:00 pm,"Saldo de la cuenta corriente de las empresas bancarias en el BCRP al cierre de operaciones: S/ 4 947,5 millones.",4947.5,S/
2026/06/19,06:30 pm,"Monto total Negociado en el Mercado Cambiario Spot Interbancario: US$ 234,4 millones.",234.4,US$
2026/06/19,04:30 pm,"Tasa Interbancaria Overnight (TIBO) en moneda nacional: 4,25 por ciento.",,
2026/06/19,01:40 pm,"Se colocaron S/ 2500 millones de Depósitos Overnight a una tasa promedio de 4,16 por ciento.",2500.0,S/
2026/06/19,01:30 pm,"Tipo de cambio - Venta del mercado interbancario: S/ 3,3830.",,
2026/06/19,01:17 pm,"Se colocaron S/ 500 millones de Depósitos a 1 semana a una tasa promedio de 4,19 por ciento.",500.0,S/
2026/06/19,01:07 pm,"Se colocaron S/ 500 millones de Repo de Valores a 3 meses a una tasa promedio de 4,63 por ciento.",500.0,S/
2026/06/19,12:25 pm,"Convocatoria de las siguientes subastas: (a) Depósitos a 1 semana S/ 500 millones, (b) Depósitos Overnight S/ 2 500 millones y (c) Repo de Valores a 3 meses S/ 500 millones.",500.0,S/
2026/06/19,12:01 pm,Liquidez inicial de las empresas bancarias en el BCRP: S/ 7 000 millones.,7000.0,S/
2026/06/19,10:06 am,"Se colocaron S/ 2 000,1 millones de Depósitos Overnight a una tasa promedio de 4,18 por ciento.",2000.1,S/
2026/06/19,09:25 am,Convocatoria de las siguientes subastas: (a) Depósitos Overnight S/ 2 000 millones.,2000.0,S/
2026/06/19,09:00 am,Liquidez inicial de las empresas bancarias en el BCRP: S/ 8 600 millones.,8600.0,S/
2026/06/19,08:30 am,"Vencimientos de instrumentos del BCRP del día de hoy: (a) Repo de Valores S/ 655 millones y (b) Depósitos BCRP S/ 6 711,8 millones.",655.0,S/
2026/06/18,07:00 pm,"Saldo de la cuenta corriente de las empresas bancarias en el BCRP al cierre de operaciones: S/ 6 108,5 millones.",6108.5,S/
2026/06/18,06:30 pm,"18:30: Monto total Negociado en el Mercado Cambiario Spot Interbancario: US$ 356,8 millones.",356.8,US$
2026/06/18,04:35 pm,"Tasa Interbancaria Overnight (TIBO) en moneda nacional: 4,25 por ciento.",,
2026/06/18,01:40 pm,"Se colocaron S/ 2 400 millones de Depósitos Overnight a una tasa promedio de 4,19 por ciento.",2400.0,S/
2026/06/18,01:30 pm,"Tipo de cambio - Venta del mercado interbancario: S/ 3,3840.",,
2026/06/18,01:20 pm,"Se colocaron S/ 500 millones de Depósitos a 1 semanas a una tasa promedio de 4,19 por ciento.",500.0,S/
2026/06/18,12:30 pm,Convocatoria de las siguientes subastas: (a) Depósitos a 1 semanas S/ 500 millones y (b) Depósitos Overnight S/ 2 400 millones.,500.0,S/
2026/06/18,12:05 pm,Liquidez inicial de las empresas bancarias en el BCRP: S/ 7 900 millones.,7900.0,S/
2026/06/18,10:05 am,"Se colocaron S/ 4 500,1 millones de Depósitos Overnight a una tasa promedio de 4,20 por ciento.",4500.1,S/
2026/06/18,09:15 am,Convocatoria de las siguientes subastas: (a) Depósitos Overnight S/ 4 500 millones.,4500.0,S/
2026/06/18,09:00 am,Liquidez inicial de las empresas bancarias en el BCRP: S/ 12 400 millones.,12400.0,S/
2026/06/18,08:30 am,"Vencimientos de instrumentos del BCRP del día de hoy: (a) CD BCRP S/ 1 868,9 millones y (b) Depósitos BCRP S/ 6 500,2 millones.",1868.9,S/
2026/06/17,07:00 pm,"Saldo de la cuenta corriente de las empresas bancarias en el BCRP al cierre de operaciones: S/ 5 813,3 millones.",5813.3,S/
2026/06/17,06:30 pm,"Monto total Negociado en el Mercado Cambiario Spot Interbancario: US$ 635,0 millones.",635.0,US$
2026/06/17,04:30 pm,"Tasa Interbancaria Overnight (TIBO) en moneda nacional: 4,25 por ciento.",,
2026/06/17,01:40 pm,"Se colocaron S/ 3 000,1 millones de Depósitos Overnight a una tasa promedio de 4,17 por ciento.",3000.1,S/
2026/06/17,01:30 pm,"Tipo de cambio - Venta del mercado interbancario: S/ 3,3800.",,
2026/06/17,01:26 pm,"Se colocaron S/ 400 millones de Swap Cambiario Compra (tasa variable) a 3 meses, a una tasa promedio de 2,57 por ciento.",400.0,S/
2026/06/17,01:20 pm,Se convocó a la siguiente subasta: Swap Cambiario Compra (tasa variable) a 3 meses por S/ 400 millones.,400.0,S/
2026/06/17,01:20 pm,"Se colocaron S/ 1 000 millones de Depósitos a 1 semanas a una tasa promedio de 4,19 por ciento.",1000.0,S/
2026/06/17,01:05 pm,"Se colocaron S/ 200 millones de CD BCRP (pago en dólares) a 3 meses a una tasa promedio de 4,17 por ciento.",200.0,S/
2026/06/17,12:57 pm,"Se colocaron S/ 500 millones de Swap Cambiario Compra (tasa variable) a 3 meses, a una tasa promedio de 2,68 por ciento.",500.0,S/
2026/06/17,12:48 pm,Se convocó a la siguiente subasta: Swap Cambiario Compra (tasa variable) a 3 meses por S/ 500 millones.,500.0,S/
2026/06/17,12:45 pm,Convocatoria de la siguiente subasta: CD BCRP (pago en dólares) a 3 meses S/ 200 millones.,200.0,S/
2026/06/17,12:40 pm,Convocatoria de las siguientes subastas: (a) Depósitos a 1 semanas S/ 1 000 millones y (b) Depósitos Overnight S/ 3 000 millones.,1000.0,S/
2026/06/17,12:05 pm,Liquidez inicial de las empresas bancarias en el BCRP: S/ 9 000 millones.,9000.0,S/
2026/06/17,11:05 am,"Se colocaron S/ 20 millones de CD BCRP a 18 meses a una tasa promedio de 4,17 por ciento.",20.0,S/
2026/06/17,10:05 am,"Se colocaron S/ 3 000,1 millones de Depósitos Overnight a una tasa promedio de 4,19 por ciento.",3000.1,S/
2026/06/17,09:50 am,"Se colocaron S/ 400 millones de Swap Cambiario Compra (tasa variable) a 3 meses, a una tasa promedio de 2,63 por ciento.",400.0,S/
2026/06/17,09:22 am,Se convocó a la siguiente subasta: Swap Cambiario Compra (tasa variable) a 3 meses por S/ 400 millones.,400.0,S/
2026/06/17,09:20 am,Convocatoria de las siguientes subastas: (a) CD BCRP a 18 meses S/ 20 millones y (b) Depósitos Overnight S/ 3 000 millones.,20.0,S/
2026/06/17,09:00 am,Liquidez inicial de las empresas bancarias en el BCRP: S/ 12 200 millones.,12200.0,S/
2026/06/17,08:30 am,Vencimientos de instrumentos del BCRP del día de hoy: (a) Depósitos BCRP S/ 6 000 millones y (b) Swap Cambiario Venta S/ 150 millones.,6000.0,S/
2026/06/16,07:00 pm,"Saldo de la cuenta corriente de las empresas bancarias en el BCRP al cierre de operaciones: S/ 7 212,4 millones.",7212.4,S/
2026/06/16,06:30 pm,"Monto total Negociado en el Mercado Cambiario Spot Interbancario: US$ 746,3 millones.",746.3,US$
2026/06/16,04:45 pm,"Tasa Interbancaria Overnight (TIBO) en moneda nacional: 4,25 por ciento.",,
2026/06/16,01:36 pm,"Se colocaron S/ 3 500 millones de Depósitos Overnight a una tasa promedio de 4,18 por ciento.",3500.0,S/
2026/06/16,01:30 pm,"El Banco Central compró US$ 221 millones a un tipo de cambio promedio S/ 3,3824 por dólar.",221.0,US$
2026/06/16,01:30 pm,"Se colocaron S/ 200,1 millones de CD BCRP (pago en dólares) a 3 meses a una tasa promedio de 4,15 por ciento.",200.1,S/
2026/06/16,01:30 pm,"Tipo de cambio - Venta del mercado interbancario: S/ 3,3850.",,
2026/06/16,01:17 pm,"Se colocaron S/ 500 millones de Depósitos a 1 semanas a una tasa promedio de 4,19 por ciento.",500.0,S/
2026/06/16,01:16 pm,"Se colocaron S/ 400 millones de Swap Cambiario Compra (tasa variable) a 3 meses, a una tasa promedio de 2,64 por ciento.",400.0,S/
2026/06/16,01:08 pm,Convocatoria de la siguiente subasta: (a) CD BCRP (pago en dólares) a 3 meses S/ 200 millones.,200.0,S/
2026/06/16,01:04 pm,Se convocó a la siguiente subasta: Swap Cambiario Compra (tasa variable) a 3 meses por S/ 400 millones.,400.0,S/
2026/06/16,12:51 pm,"Se colocaron S/ 200,1 millones de CD BCRP (pago en dólares) a 3 meses a una tasa promedio de 4,15 por ciento.",200.1,S/
2026/06/16,12:41 pm,"Se colocaron S/ 400 millones de Swap Cambiario Compra (tasa variable) a 3 meses, a una tasa promedio de 2,68 por ciento.",400.0,S/
2026/06/16,12:30 pm,Convocatoria de la siguiente subasta: (a) CD BCRP (pago en dólares) a 3 meses S/ 200 millones.,200.0,S/
2026/06/16,12:28 pm,Se convocó a la siguiente subasta: Swap Cambiario Compra (tasa variable) a 3 meses por S/ 400 millones.,400.0,S/
2026/06/16,12:20 pm,Convocatoria de las siguientes subastas: (a) Depósitos a 1 semanas S/ 500 millones y (b) Depósitos Overnight S/ 3 500 millones.,500.0,S/
2026/06/16,12:00 pm,Liquidez inicial de las empresas bancarias en el BCRP: S/ 10 000 millones.,10000.0,S/
2026/06/16,11:04 am,"Se colocaron S/ 50 millones de CD BCRP a 12 meses a una tasa promedio de 4,14 por ciento.",50.0,S/
2026/06/16,11:00 am,"Se colocaron S/ 300 millones de Swap Cambiario Compra (tasa variable) a 3 meses, a una tasa promedio de 2,63 por ciento.",300.0,S/
2026/06/16,10:40 am,Se convocó a la siguiente subasta: Swap Cambiario Compra (tasa variable) a 3 meses por S/ 300 millones.,300.0,S/
2026/06/16,10:04 am,"Se colocaron S/ 2 000 millones de Depósitos Overnight a una tasa promedio de 4,19 por ciento.",2000.0,S/
2026/06/16,09:14 am,Convocatoria de las siguientes subastas: (a) CD BCRP a 12 meses S/ 50 millones y (b) Depósitos Overnight S/ 2 000 millones.,50.0,S/
2026/06/16,09:00 am,Liquidez inicial de las empresas bancarias en el BCRP: S/ 11 400 millones.,11400.0,S/
2026/06/16,08:30 am,"Vencimientos de instrumentos del BCRP del día de hoy: (a) Depósitos BCRP S/ 5 273,1 millones.",5273.1,S/
2026/06/15,07:00 pm,"Saldo de la cuenta corriente de las empresas bancarias en el BCRP al cierre de operaciones: S/ 7 248,8 millones.",7248.8,S/
2026/06/15,06:30 pm,"Monto total Negociado en el Mercado Cambiario Spot Interbancario: US$ 423,4 millones.",423.4,US$
2026/06/15,04:35 pm,"Tasa Interbancaria Overnight (TIBO) en moneda nacional: 4,25 por ciento.",,
2026/06/15,01:40 pm,"Se colocaron S/ 2 200 millones de Depósitos Overnight a una tasa promedio de 4,17 por ciento.",2200.0,S/
2026/06/15,01:30 pm,"Tipo de cambio - Venta del mercado interbancario: S/ 3,3880.",,
2026/06/15,01:20 pm,"Se colocaron S/ 1 000 millones de Depósitos a 1 semanas a una tasa promedio de 4,20 por ciento.",1000.0,S/
2026/06/15,12:35 pm,Convocatoria de las siguientes subastas: (a) Depósitos a 1 semanas S/ 1 000 millones y (b) Depósitos Overnight S/ 2 200 millones.,1000.0,S/
2026/06/15,12:05 pm,Liquidez inicial de las empresas bancarias en el BCRP: S/ 10 200 millones.,10200.0,S/
2026/06/15,10:05 am,"Se colocaron S/ 2 000 millones de Depósitos Overnight a una tasa promedio de 4,12 por ciento.",2000.0,S/
2026/06/15,09:25 am,Convocatoria de la siguiente subasta: Depósitos Overnight S/ 2 000 millones.,2000.0,S/
2026/06/15,09:00 am,Liquidez inicial de las empresas bancarias en el BCRP: S/ 12 300 millones.,12300.0,S/
2026/06/15,08:30 am,"Vencimientos de instrumentos del BCRP del día de hoy: (a) Depósitos BCRP S/ 2 933,4 millones.",2933.4,S/
2026/06/12,07:00 pm,"Saldo de la cuenta corriente de las empresas bancarias en el BCRP al cierre de operaciones: S/ 8 143,1 millones.",8143.1,S/
2026/06/12,06:30 pm,"Monto total Negociado en el Mercado Cambiario Spot Interbancario: US$ 281,9 millones.",281.9,US$
2026/06/12,05:13 pm,"Tasa Interbancaria Overnight (TIBO) en moneda nacional: 4,25 por ciento.",,
2026/06/12,01:39 pm,"Se colocaron S/ 1 899,9 millones de Depósitos Overnight a una tasa promedio de 3,96 por ciento.",1899.9,S/
2026/06/12,01:30 pm,"Tipo de cambio - Venta del mercado interbancario: S/ 3,3900.",,
2026/06/12,01:29 pm,"Se colocaron S/ 500 millones de Depósitos a 1 semanas a una tasa promedio de 4,10 por ciento.",500.0,S/
2026/06/12,01:14 pm,"Se colocaron S/ 300 millones de Depósitos del Tesoro Público a 6 meses a una tasa promedio de 4,64 por ciento.",300.0,S/
2026/06/12,01:04 pm,"Se colocaron S/ 600 millones de Repo de Valores a 3 meses a una tasa promedio de 4,66 por ciento.",600.0,S/
2026/06/12,12:37 pm,"Convocatoria de las siguientes subastas: (a) Depósitos a 1 semanas S/ 500 millones, (b) Depósitos Overnight S/ 1 900 millones, (c) Depósitos del Tesoro Público a 6 meses S/ 300 millones y (d) Repo de Valores a 3 meses S/ 600 millones.",500.0,S/
2026/06/12,12:05 pm,Liquidez inicial de las empresas bancarias en el BCRP: S/ 9 500 millones.,9500.0,S/
2026/06/12,09:00 am,Liquidez inicial de las empresas bancarias en el BCRP: S/ 9 400 millones.,9400.0,S/
2026/06/12,08:34 am,"Vencimientos de instrumentos del BCRP del día de hoy: (a) Repo de Valores S/ 600 millones, (b) Depósitos BCRP S/ 2 065 millones, (c) Repo de monedas (Regular) S/ 300 millones y (d) Swap Cambiario Venta S/ 250 millones.",600.0,S/
2026/06/11,07:00 pm,"Saldo de la cuenta corriente de las empresas bancarias en el BCRP al cierre de operaciones: S/ 9 938,4 millones.",9938.4,S/
2026/06/11,06:30 pm,"Monto total Negociado en el Mercado Cambiario Spot Interbancario: US$ 704,7 millones.",704.7,US$
2026/06/11,04:30 pm,"Tasa Interbancaria Overnight (TIBO) en moneda nacional: 4,25 por ciento.",,
2026/06/11,01:40 pm,"Se colocaron S/ 1 100 millones de Depósitos Overnight a una tasa promedio de 4,09 por ciento.",1100.0,S/
2026/06/11,01:30 pm,"Tipo de cambio - Venta del mercado interbancario: S/ 3,3910.",,
2026/06/11,01:28 pm,"Se colocaron S/ 200 millones de Swap Cambiario Compra (tasa variable) a 3 meses, a una tasa promedio de 2,40 por ciento.",200.0,S/
2026/06/11,01:20 pm,"Se colocaron S/ 500 millones de Depósitos a 1 semanas a una tasa promedio de 4,15 por ciento.",500.0,S/
2026/06/11,01:17 pm,Se convocó a la siguiente subasta: Swap Cambiario Compra (tasa variable) a 3 meses por S/ 200 millones.,200.0,S/
2026/06/11,12:35 pm,Convocatoria de las siguientes subastas: (a) Depósitos a 1 semanas S/ 500 millones y (b) Depósitos Overnight S/ 1 100 millones.,500.0,S/
2026/06/11,12:05 pm,Liquidez inicial de las empresas bancarias en el BCRP: S/ 12 100 millones.,12100.0,S/
2026/06/11,10:35 am,"Se colocaron S/ 300 millones de CD BCRP (pago en dólares) a 3 meses a una tasa promedio de 4,21 por ciento.",300.0,S/
2026/06/11,10:05 am,Convocatoria de la siguiente subasta: CD BCRP (pago en dólares) a 3 meses S/ 300 millones.,300.0,S/
2026/06/11,09:00 am,Liquidez inicial de las empresas bancarias en el BCRP: S/ 11 900 millones.,11900.0,S/
2026/06/11,08:30 am,"Vencimientos de instrumentos del BCRP del día de hoy: (a) Depósitos BCRP S/ 1 500,1 millones.",1500.1,S/
2026/06/10,06:30 pm,"Monto total Negociado en el Mercado Cambiario Spot Interbancario: US$ 307,6 millones.",307.6,US$
2026/06/10,04:41 pm,"Tasa Interbancaria Overnight (TIBO) en moneda nacional: 4,25 por ciento.",,
2026/06/10,01:44 pm,"Se colocaron S/ 1 000,1 millones de Depósitos Overnight a una tasa promedio de 4,15 por ciento.",1000.1,S/
2026/06/10,01:30 pm,"Tipo de cambio - Venta del mercado interbancario: S/ 3,4100.",,
2026/06/10,01:15 pm,"Se colocaron S/ 500 millones de Depósitos a 1 semanas a una tasa promedio de 4,17 por ciento.",500.0,S/
2026/06/10,12:38 pm,Convocatoria de las siguientes subastas: (a) Depósitos a 1 semanas S/ 500 millones y (b) Depósitos Overnight S/ 1 000 millones.,500.0,S/
2026/06/10,12:03 pm,Liquidez inicial de las empresas bancarias en el BCRP: S/ 12 500 millones.,12500.0,S/
2026/06/10,11:05 am,"Se colocaron S/ 10 millones de CD BCRP a 18 meses a una tasa promedio de 4,18 por ciento.",10.0,S/
2026/06/10,09:10 am,Convocatoria de la siguiente subasta: CD BCRP a 18 meses S/ 10 millones.,10.0,S/
2026/06/10,09:00 am,Liquidez inicial de las empresas bancarias en el BCRP: S/ 12 700 millones.,12700.0,S/
2026/06/10,08:30 am,Vencimientos de instrumentos del BCRP del día de hoy: (a) Repo de Valores S/ 500 millones y (b) Repo de monedas (Regular) S/ 400 millones.,500.0,S/
2026/06/09,06:30 pm,"Monto total Negociado en el Mercado Cambiario Spot Interbancario: US$ 1 042,0 millones.",1042.0,US$
2026/06/09,04:45 pm,"Tasa Interbancaria Overnight (TIBO) en moneda nacional: 4,25 por ciento.",,
2026/06/09,01:35 pm,"Se colocaron S/ 1 000,1 millones de Depósitos a 1 semanas a una tasa promedio de 4,18 por ciento.",1000.1,S/
2026/06/09,01:30 pm,"Tipo de cambio - Venta del mercado interbancario: S/ 3,3920.",,
2026/06/09,01:30 pm,"El Banco Central compró US$ 245 millones a un tipo de cambio promedio S/ 3,3869 por dólar.",245.0,US$
2026/06/09,01:08 pm,"Se colocaron S/ 500 millones de Repo de Valores Overnight a una tasa promedio de 4,80 por ciento.",500.0,S/
2026/06/09,01:03 pm,"Se colocaron S/ 200 millones de Swap Cambiario Compra (tasa variable) a 3 meses, a una tasa promedio de 2,36 por ciento.",200.0,S/
2026/06/09,12:49 pm,"Se colocaron S/ 400 millones de CD BCRP (pago en dólares) a 2 meses a una tasa promedio de 4,19 por ciento.",400.0,S/
2026/06/09,12:30 pm,Convocatoria de las siguientes subastas: (a) Depósitos a 1 semana S/ 1 000 millones y (b) Repo de Valores Overnight S/ 500 millones.,1000.0,S/
2026/06/09,12:30 pm,Se convocó a la siguiente subasta: Swap Cambiario Compra (tasa variable) a 3 meses por S/ 200 millones.,200.0,S/
2026/06/09,12:29 pm,Convocatoria de la siguiente subasta: CD BCRP (pago en dólares) a 2 meses S/ 400 millones.,400.0,S/
2026/06/09,12:18 pm,"Se colocaron S/ 300 millones de CD BCRP (pago en dólares) a 2 meses a una tasa promedio de 4,09 por ciento.",300.0,S/
2026/06/09,12:00 pm,Liquidez inicial de las empresas bancarias en el BCRP: S/ 12 500 millones.,12500.0,S/
2026/06/09,11:57 am,Convocatoria de la siguiente subasta: CD BCRP (pago en dólares) a 2 meses S/ 300 millones.,300.0,S/
2026/06/09,11:05 am,"Se colocaron S/ 40 millones de CD BCRP a 12 meses a una tasa promedio de 4,14 por ciento.",40.0,S/
2026/06/09,10:05 am,"Se colocaron S/ 120 millones de Swap Cambiario Compra (tasa variable) a 3 meses, a una tasa promedio de 2,20 por ciento.",120.0,S/
2026/06/09,09:49 am,"Se colocaron S/ 400 millones de CD BCRP (pago en dólares) a 2 meses a una tasa promedio de 4,09 por ciento.",400.0,S/
2026/06/09,09:15 am,Convocatoria de la siguiente subasta: CD BCRP a 12 meses S/ 40 millones.,40.0,S/
2026/06/09,09:14 am,Se convocó a la siguiente subasta: Swap Cambiario Compra (tasa variable) a 3 meses por S/ 200 millones.,200.0,S/
2026/06/09,09:12 am,Convocatoria de la siguiente subasta: CD BCRP (pago en dólares) a 2 meses S/ 400 millones.,400.0,S/
2026/06/09,09:00 am,Liquidez inicial de las empresas bancarias en el BCRP: S/ 12 000 millones.,12000.0,S/
2026/06/09,08:30 am,Vencimientos de instrumentos del BCRP del día de hoy: (a) Repo de Valores S/ 1 000 millones.,1000.0,S/
2026/06/08,07:00 pm,"Saldo de la cuenta corriente de las empresas bancarias en el BCRP al cierre de operaciones: S/ 13 156,6 millones.",13156.6,S/
2026/06/08,06:30 pm,"Monto total Negociado en el Mercado Cambiario Spot Interbancario: US$ 300,0 millones.",300.0,US$
2026/06/08,04:38 pm,"Tasa Interbancaria Overnight (TIBO) en moneda nacional: 4,25 por ciento.",,
2026/06/08,01:30 pm,"Tipo de cambio - Venta del mercado interbancario: S/ 3,4340.",,
2026/06/08,01:25 pm,"Se colocaron S/ 900 millones de Depósitos a 1 semanas a una tasa promedio de 4,20 por ciento.",900.0,S/
2026/06/08,01:15 pm,"Se colocaron S/ 1 000 millones de Repo de Valores Overnight a una tasa promedio de 4,70 por ciento.",1000.0,S/
2026/06/08,12:30 pm,Convocatoria de las siguientes subastas: (a) Depósitos a 1 semanas S/ 900 millones y (b) Repo de Valores Overnight S/ 1 000 millones.,900.0,S/
2026/06/08,12:05 pm,Liquidez inicial de las empresas bancarias en el BCRP: S/ 12 900 millones.,12900.0,S/
2026/06/08,11:02 am,"Se colocaron S/ 400 millones de Swap Cambiario Venta (tasa variable) a 3 meses, a una tasa promedio de 2,05 por ciento.",400.0,S/
2026/06/08,10:42 am,Se convocó a la siguiente subasta: Swap Cambiario Venta (tasa variable) a 3 meses por S/ 400 millones.,400.0,S/
2026/06/08,09:00 am,Liquidez inicial de las empresas bancarias en el BCRP: S/ 13 500 millones.,13500.0,S/
2026/06/08,08:30 am,"Vencimientos de instrumentos del BCRP del día de hoy: (a) Repo de Valores S/ 1 700 millones, (b) Depósitos BCRP S/ 3,3 millones y (c) Swap Cambiario Venta S/ 50 millones.",1700.0,S/
2026/06/05,07:00 pm,"Saldo de la cuenta corriente de las empresas bancarias en el BCRP al cierre de operaciones: S/ 13 928,3 millones.",13928.3,S/
2026/06/05,06:30 pm,"Monto total Negociado en el Mercado Cambiario Spot Interbancario: US$ 582,5 millones.",582.5,US$
2026/06/05,04:36 pm,"Tasa Interbancaria Overnight (TIBO) en moneda nacional: 4,25 por ciento.",,
2026/06/05,01:30 pm,"Tipo de cambio - Venta del mercado interbancario: S/ 3,4740.",,
2026/06/05,01:28 pm,"Se colocaron S/ 200 millones de Swap Cambiario Venta (tasa variable) a 3 meses, a una tasa promedio de 1,31 por ciento.",200.0,S/
2026/06/05,01:23 pm,"Se colocaron S/ 1 700 millones de Repo de Valores Overnight a una tasa promedio de 4,55 por ciento.",1700.0,S/
2026/06/05,01:20 pm,Se convocó a la siguiente subasta: Swap Cambiario Venta (tasa variable) a 3 meses por S/ 200 millones.,200.0,S/
2026/06/05,01:17 pm,"Se colocaron Repo de monedas (Regular) al plazo de 1 mes por S/ 200 millones a la tasa promedio de 5,40 por ciento.",200.0,S/
2026/06/05,01:12 pm,"Se colocaron S/ 300 millones de Depósitos del Tesoro Público a 6 meses a una tasa promedio de 4,61 por ciento.",300.0,S/
2026/06/05,01:03 pm,"Se colocaron S/ 200 millones de Depósitos del Tesoro Público a 12 meses a una tasa promedio de 4,62 por ciento.",200.0,S/
2026/06/05,12:53 pm,"Se colocaron S/ 500 millones de Repo de Valores a 3 meses a una tasa promedio de 4,54 por ciento.",500.0,S/
2026/06/05,12:33 pm,Se convocó a la siguiente subasta: Repo de monedas (Regular) al plazo de 1 mes por S/ 200 millones.,200.0,S/
2026/06/05,12:30 pm,"Convocatoria de las siguientes subastas: (a) Depósitos del Tesoro Público a 6 meses S/ 300 millones, (b) Depósitos del Tesoro Público a 12 meses S/ 200 millones, (c) Repo de Valores a 3 meses S/ 500 millones y (d) Repo de Valores Overnight S/ 1 700 millones.",300.0,S/
2026/06/05,12:00 am,Liquidez inicial de las empresas bancarias en el BCRP: S/ 11 100 millones.,11100.0,S/
2026/06/05,09:00 am,Liquidez inicial de las empresas bancarias en el BCRP: S/ 11 300 millones.,11300.0,S/
2026/06/05,08:30 am,"Vencimientos de instrumentos del BCRP del día de hoy: (a) Repo de Valores S/ 1 801,5 millones, (b) Depósitos BCRP S/ 500 millones y (c) Depósitos del Tesoro Público S/ 500 millones.",1801.5,S/
2026/06/04,07:00 pm,"Saldo de la cuenta corriente de las empresas bancarias en el BCRP al cierre de operaciones: S/ 14 343,9 millones.",14343.9,S/
2026/06/04,06:30 pm,"Monto total Negociado en el Mercado Cambiario Spot Interbancario: US$ 686,0 millones.",686.0,US$
2026/06/04,04:30 pm,"Tasa Interbancaria Overnight (TIBO) en moneda nacional: 4,25 por ciento.",,
2026/06/04,01:30 pm,"Se colocaron S/ 300 millones de CD BCRP (pago en dólares) a 3 meses a una tasa promedio de 3,94 por ciento.",300.0,S/
2026/06/04,01:30 pm,"Tipo de cambio - Venta del mercado interbancario: S/ 3,4100.",,
2026/06/04,01:25 pm,"Se colocaron S/ 500 millones de Depósitos a 1 semana a una tasa promedio de 4,22 por ciento.",500.0,S/
2026/06/04,01:14 pm,"Se colocaron S/ 1 500 millones de Repo de Valores Overnight a una tasa promedio de 4,37 por ciento.",1500.0,S/
2026/06/04,01:13 pm,"Se colocaron S/ 500 millones de CD BCRP (pago en dólares) a 2 meses a una tasa promedio de 4,12 por ciento.",500.0,S/
2026/06/04,12:53 pm,Convocatoria de las siguientes subastas: (a) CD BCRP (pago en dólares) a 2 meses S/ 500 millones.,500.0,S/
2026/06/04,12:40 pm,Convocatoria de las siguientes subastas: (a) Depósitos a 1 semana S/ 500 millones y (b) Repo de Valores Overnight S/ 1 500 millones.,500.0,S/
2026/06/04,12:00 pm,Liquidez inicial de las empresas bancarias en el BCRP: S/ 13 000 millones.,13000.0,S/
2026/06/04,09:00 am,Liquidez inicial de las empresas bancarias en el BCRP: S/ 12 900 millones.,12900.0,S/
2026/06/04,08:30 am,Vencimientos de instrumentos del BCRP del día de hoy: (a) Repo de Valores S/ 2 200 millones y (b) Depósitos BCRP S/ 500 millones.,2200.0,S/
2026/06/03,07:00 pm,"Saldo de la cuenta corriente de las empresas bancarias en el BCRP al cierre de operaciones: S/ 14 305,6 millones.",14305.6,S/
2026/06/03,06:30 pm,"Monto total Negociado en el Mercado Cambiario Spot Interbancario: US$ 489,3 millones.",489.3,US$
2026/06/03,04:45 pm,"Tasa Interbancaria Overnight (TIBO) en moneda nacional: 4,25 por ciento.",,
2026/06/03,01:30 pm,"Tipo de cambio - Venta del mercado interbancario: S/ 3,4180.",,
2026/06/03,01:28 pm,"Se colocaron S/ 300 millones de CD BCRP (pago en dólares) a 3 meses a una tasa promedio de 4,15 por ciento.",300.0,S/
2026/06/03,01:22 pm,Convocatoria de la siguiente subasta: CD BCRP (pago en dólares) a 3 meses S/ 300 millones.,300.0,S/
2026/06/03,01:19 pm,"Se colocaron S/ 400 millones de CD BCRP (pago en dólares) a 2 meses a una tasa promedio de 4,14 por ciento.",400.0,S/
2026/06/03,01:18 pm,"Se colocaron S/ 2 200 millones de Repo de Valores Overnight a una tasa promedio de 4,36 por ciento.",2200.0,S/
2026/06/03,01:07 pm,Convocatoria de la siguiente subasta: CD BCRP (pago en dólares) a 2 meses S/ 400 millones.,400.0,S/
2026/06/03,12:27 pm,Convocatoria de la siguiente subasta: Repo de Valores Overnight S/ 2 200 millones.,2200.0,S/
2026/06/03,12:00 pm,Liquidez inicial de las empresas bancarias en el BCRP: S/ 11 800 millones.,11800.0,S/
2026/06/03,11:05 am,"Se colocaron S/ 20 millones de CD BCRP a 18 meses a una tasa promedio de 4,17 por ciento.",20.0,S/
2026/06/03,09:05 am,Convocatoria de la siguiente subasta: CD BCRP a 18 meses S/ 20 millones.,20.0,S/
2026/06/03,09:00 am,Liquidez inicial de las empresas bancarias en el BCRP: S/ 11 600 millones.,11600.0,S/
2026/06/03,08:30 am,"Vencimientos de instrumentos del BCRP del día de hoy: (a) CD BCRP S/ 1 620,5 millones, (b) Repo de Valores S/ 4 100 millones, (c) Depósitos BCRP S/ 500 millones y (d) Swap Cambiario Venta S/ 300 millones.",1620.5,S/
2026/06/02,07:00 pm,"Saldo de la cuenta corriente de las empresas bancarias en el BCRP al cierre de operaciones: S/ 14 261,3 millones.",14261.3,S/
2026/06/02,06:30 pm,"Monto total Negociado en el Mercado Cambiario Spot Interbancario: US$ 310,6 millones.",310.6,US$
2026/06/02,04:30 pm,"Tasa Interbancaria Overnight (TIBO) en moneda nacional: 4,25 por ciento.",,
2026/06/02,01:30 pm,"Tipo de cambio - Venta del mercado interbancario: S/ 3,4110.",,
2026/06/02,01:20 pm,"Se colocaron S/ 1 600 millones de Repo de Valores Overnight a una tasa promedio de 4,33 por ciento.",1600.0,S/
2026/06/02,01:20 pm,"Se colocaron S/ 200 millones de CD BCRP (pago en dólares) a 3 meses a una tasa promedio de 4,17 por ciento.",200.0,S/
2026/06/02,01:05 pm,Convocatoria de la siguiente subasta: CD BCRP (pago en dólares) a 3 meses S/ 200 millones.,200.0,S/
2026/06/02,12:30 pm,Convocatoria de la siguiente subasta: Repo de Valores Overnight S/ 1 600 millones.,1600.0,S/
2026/06/02,12:05 pm,Liquidez inicial de las empresas bancarias en el BCRP: S/ 12 400 millones.,12400.0,S/
2026/06/02,11:05 am,"Se colocaron S/ 30 millones de CD BCRP a 12 meses a una tasa promedio de 4,14 por ciento.",30.0,S/
2026/06/02,10:05 am,"Se colocaron S/ 2 500 millones de Repo de Valores Overnight a una tasa promedio de 4,32 por ciento.",2500.0,S/
2026/06/02,09:25 am,Convocatoria de las siguientes subastas: (a) CD BCRP a 12 meses S/ 30 millones y (b) Repo de Valores Overnight S/ 2 500 millones.,30.0,S/
2026/06/02,09:00 am,Liquidez inicial de las empresas bancarias en el BCRP: S/ 9 300 millones.,9300.0,S/
2026/06/02,08:30 am,"Vencimientos de instrumentos del BCRP del día de hoy: (a) Repo de Valores S/ 5 400 millones y (b) Depósitos BCRP S/ 761,3 millones.",5400.0,S/
2026/06/01,07:00 pm,"Saldo de la cuenta corriente de las empresas bancarias en el BCRP al cierre de operaciones: S/ 14 773,1 millones.",14773.1,S/
2026/06/01,06:30 pm,"Monto total Negociado en el Mercado Cambiario Spot Interbancario: US$ 291,1 millones.",291.1,US$
2026/06/01,04:30 pm,"Tasa Interbancaria Overnight (TIBO) en moneda nacional: 4,25 por ciento.",,
2026/06/01,01:30 pm,"Tipo de cambio - Venta del mercado interbancario: S/ 3,4125.",,
2026/06/01,01:28 pm,"Se colocaron S/ 300 millones de Swap Cambiario Compra (tasa variable) a 3 meses, a una tasa promedio de 2,50 por ciento.",300.0,S/
2026/06/01,01:28 pm,"Se colocaron S/ 300 millones de CD BCRP (pago en dólares) a 3 meses a una tasa promedio de 3,91 por ciento.",300.0,S/
2026/06/01,01:20 pm,"Se colocaron S/ 2 900 millones de Repo de Valores Overnight a una tasa promedio de 4,31 por ciento.",2900.0,S/
2026/06/01,01:20 pm,Convocatoria de la siguiente subasta: CD BCRP (pago en dólares) a 3 meses S/ 300 millones.,300.0,S/
2026/06/01,01:16 pm,Se convocó a la siguiente subasta: Swap Cambiario Compra (tasa variable) a 3 meses por S/ 300 millones.,300.0,S/
2026/06/01,01:13 pm,"Se colocaron S/ 199,9 millones de Swap Cambiario Compra (tasa variable) a 3 meses, a una tasa promedio de 2,56 por ciento.",199.9,S/
2026/06/01,01:10 pm,"Se colocaron S/ 300 millones de CD BCRP (pago en dólares) a 2 meses a una tasa promedio de 4,18 por ciento.",300.0,S/
2026/06/01,12:51 pm,Se convocó a la siguiente subasta: Swap Cambiario Compra (tasa variable) a 3 meses por S/ 200 millones.,200.0,S/
2026/06/01,12:50 pm,Convocatoria de la siguiente subasta: CD BCRP (pago en dólares) a 2 meses S/ 300 millones.,300.0,S/
2026/06/01,12:30 pm,Convocatoria de las siguientes subastas: (a) Repo de Valores Overnight S/ 2 900 millones.,2900.0,S/
2026/06/01,12:05 pm,Liquidez inicial de las empresas bancarias en el BCRP: S/ 11 600 millones.,11600.0,S/
2026/06/01,10:05 am,"Se colocaron S/ 2 500 millones de Repo de Valores Overnight a una tasa promedio de 4,31 por ciento.",2500.0,S/
2026/06/01,09:20 am,Convocatoria de la siguiente subasta: Repo de Valores Overnight S/ 2 500 millones.,2500.0,S/
2026/06/01,09:00 am,Liquidez inicial de las empresas bancarias en el BCRP: S/ 9 500 millones.,9500.0,S/
2026/06/01,08:30 am,"Vencimientos de instrumentos del BCRP del día de hoy: (a) Depósitos BCRP S/ 7 529,6 millones.",7529.6,S/
2026/05/29,07:00 pm,"Saldo de la cuenta corriente de las empresas bancarias en el BCRP al cierre de operaciones: S/ 2 114,1 millones.",2114.1,S/
2026/05/29,06:30 pm,"Monto total Negociado en el Mercado Cambiario Spot Interbancario: US$ 553,5 millones.",553.5,US$
2026/05/29,04:30 pm,"Tasa Interbancaria Overnight (TIBO) en moneda nacional: 4,25 por ciento.",,
2026/05/29,01:37 pm,"Se colocaron S/ 2 820,6 millones de Depósitos Overnight a una tasa promedio de 4,21 por ciento.",2820.6,S/
2026/05/29,01:30 pm,"Tipo de cambio - Venta del mercado interbancario: S/ 3,4150.",,
2026/05/29,01:29 pm,La subasta de Swap Cambiario Compra (tasa variable) a 3 meses por S/ 200 millones se declaró desierta.,200.0,S/
2026/05/29,01:27 pm,"Se colocaron S/ 500 millones de Depósitos a 1 semanas a una tasa promedio de 4,23 por ciento.",500.0,S/
2026/05/29,01:24 pm,"Se colocaron S/ 300 millones de CD BCRP (pago en dólares) a 3 meses a una tasa promedio de 4,22 por ciento.",300.0,S/
2026/05/29,01:20 pm,"Se colocaron S/ 200 millones de Depósitos del Tesoro Público a 12 meses a una tasa promedio de 4,53 por ciento.",200.0,S/
2026/05/29,01:16 pm,Se convocó a la siguiente subasta: Swap Cambiario Compra (tasa variable) a 3 meses por S/ 200 millones.,200.0,S/
2026/05/29,01:16 pm,Convocatoria de la siguiente subasta: CD BCRP (pago en dólares) a 3 meses S/ 300 millones.,300.0,S/
2026/05/29,01:10 pm,"Se colocaron S/ 300 millones de CD BCRP (pago en dólares) a 3 meses a una tasa promedio de 4,22 por ciento.",300.0,S/
2026/05/29,01:10 pm,"Se colocaron S/ 299,9 millones de Depósitos del Tesoro Público a 6 meses a una tasa promedio de 4,42 por ciento.",299.9,S/
2026/05/29,01:00 pm,"Se colocaron S/ 300 millones de Repo de Valores a 3 meses a una tasa promedio de 4,40 por ciento.",300.0,S/
2026/05/29,12:55 pm,Convocatoria de la siguiente subasta: CD BCRP (pago en dólares) a 3 meses S/ 300 millones.,300.0,S/
2026/05/29,12:35 pm,"Convocatoria de las siguientes subastas: (a) Depósitos a 1 semanas S/ 500 millones, (b) Depósitos Overnight S/ 3 900 millones, (c) Depósitos del Tesoro Público a 6 meses S/ 300 millones, (d) Depósitos del Tesoro Público a 12 meses S/ 200 millones y (e) Repo de Valores a 3 meses S/ 300 millones.",500.0,S/
2026/05/29,12:05 am,Liquidez inicial de las empresas bancarias en el BCRP: S/ 4 600 millones.,4600.0,S/
2026/05/29,10:05 am,"Se colocaron S/ 4 500 millones de Depósitos Overnight a una tasa promedio de 4,23 por ciento.",4500.0,S/
2026/05/29,09:15 am,Convocatoria de la siguiente subasta: Depósitos Overnight S/ 4 500 millones.,4500.0,S/
2026/05/29,09:00 am,Liquidez inicial de las empresas bancarias en el BCRP: S/ 9 300 millones.,9300.0,S/
2026/05/29,08:30 am,"Vencimientos de instrumentos del BCRP del día de hoy: (a) Repo de Valores S/ 171,5 millones, (b) Depósitos BCRP S/ 9 482,3 millones, (c) Depósitos del Tesoro Público S/ 500 millones y (d) Repo de monedas (Regular) S/ 400 millones.",171.5,S/
2026/05/28,07:00 pm,"Saldo de la cuenta corriente de las empresas bancarias en el BCRP al cierre de operaciones: S/ 3 315,2 millones.",3315.2,S/
2026/05/28,06:30 pm,"Monto total Negociado en el Mercado Cambiario Spot Interbancario: US$ 553,8 millones.",553.8,US$
2026/05/28,04:45 pm,"Tasa Interbancaria Overnight (TIBO) en moneda nacional: 4,25 por ciento.",,
2026/05/28,01:38 pm,"Se colocaron S/ 3 420,3 millones de Depósitos Overnight a una tasa promedio de 4,21 por ciento.",3420.3,S/
2026/05/28,01:30 pm,"Tipo de cambio - Venta del mercado interbancario: S/ 3,4150.",,
2026/05/28,01:28 pm,"Se colocaron S/ 200 millones de Swap Cambiario Compra (tasa variable) a 2 meses, a una tasa promedio de 2,23 por ciento.",200.0,S/
2026/05/28,01:22 pm,"Se colocaron S/ 500 millones de Depósitos a 1 semanas a una tasa promedio de 4,24 por ciento.",500.0,S/
2026/05/28,01:21 pm,"Se colocaron S/ 200 millones de CD BCRP (pago en dólares) a 3 meses a una tasa promedio de 4,24 por ciento.",200.0,S/
2026/05/28,01:00 pm,Se convocó a la siguiente subasta: Swap Cambiario Compra (tasa variable) a 2 meses por S/ 200 millones.,200.0,S/
2026/05/28,12:59 pm,Convocatoria de la siguiente subasta: CD BCRP (pago en dólares) a 3 meses S/ 200 millones.,200.0,S/
2026/05/28,12:36 pm,Convocatoria de las siguientes subastas: (a) Depósitos a 1 semana S/ 500 millones y (b) Depósitos Overnight S/ 3 600 millones.,500.0,S/
2026/05/28,12:00 pm,Liquidez inicial de las empresas bancarias en el BCRP: S/ 7 100 millones.,7100.0,S/
2026/05/28,11:05 am,"Se colocaron S/ 200 millones de Swap Cambiario Compra (tasa variable) a 2 meses, a una tasa promedio de 2,35 por ciento.",200.0,S/
2026/05/28,10:52 am,"Se colocaron S/ 130 millones de CD BCRP (pago en dólares) a 3 meses a una tasa promedio de 4,09 por ciento.",130.0,S/
2026/05/28,10:25 am,Se convocó a la siguiente subasta: Swap Cambiario Compra (tasa variable) a 2 meses por S/ 200 millones.,200.0,S/
2026/05/28,10:24 am,Convocatoria de la siguiente subasta: CD BCRP (pago en dólares) a 3 meses S/ 200 millones.,200.0,S/
2026/05/28,10:05 am,"Se colocaron S/ 5 397,4 millones de Depósitos Overnight a una tasa promedio de 4,23 por ciento.",5397.4,S/
2026/05/28,09:15 am,Convocatoria de la siguiente subasta: Depósitos Overnight S/ 5 500 millones.,5500.0,S/
2026/05/28,09:00 am,Liquidez inicial de las empresas bancarias en el BCRP: S/ 12 400 millones.,12400.0,S/
2026/05/28,08:30 am,"Vencimientos de instrumentos del BCRP del día de hoy: (a) Depósitos BCRP S/ 9 303,4 millones.",9303.4,S/
2026/05/27,07:00 pm,"Saldo de la cuenta corriente de las empresas bancarias en el BCRP al cierre de operaciones: S/ 3 544,1 millones.",3544.1,S/
2026/05/27,06:30 pm,"Monto total Negociado en el Mercado Cambiario Spot Interbancario: US$ 603,8 millones.",603.8,US$
2026/05/27,04:35 pm,"Tasa Interbancaria Overnight (TIBO) en moneda nacional: 4,25 por ciento.",,
2026/05/27,01:40 pm,"Se colocaron S/ 3 800 millones de Depósitos Overnight a una tasa promedio de 4,22 por ciento.",3800.0,S/
2026/05/27,01:30 pm,"Tipo de cambio - Venta del mercado interbancario: S/ 3,4200.",,
2026/05/27,01:29 pm,La subasta de Swap Cambiario Compra (tasa variable) a 2 meses por S/ 200 millones se declaró desierta.,200.0,S/
2026/05/27,01:25 pm,Se convocó a la siguiente subasta: Swap Cambiario Compra (tasa variable) a 2 meses por S/ 200 millones.,200.0,S/
2026/05/27,01:20 pm,"Se colocaron S/ 500 millones de Depósitos a 1 semanas a una tasa promedio de 4,23 por ciento.",500.0,S/
2026/05/27,01:12 pm,"Se colocaron S/ 300 millones de Swap Cambiario Compra (tasa variable) a 2 meses, a una tasa promedio de 2,38 por ciento.",300.0,S/
2026/05/27,01:10 pm,"Se colocaron S/ 300 millones de CD BCRP a 3 meses a una tasa promedio de 4,13 por ciento.",300.0,S/
2026/05/27,12:59 pm,Se convocó a la siguiente subasta: Swap Cambiario Compra (tasa variable) a 2 meses por S/ 300 millones.,300.0,S/
2026/05/27,12:25 pm,"Convocatoria de las siguientes subastas: (a) CD BCRP a 3 meses S/ 300 millones, (b) Depósitos a 1 semanas S/ 500 millones y (c) Depósitos Overnight S/ 3 800 millones.",300.0,S/
2026/05/27,12:05 pm,Liquidez inicial de las empresas bancarias en el BCRP: S/ 7 600 millones.,7600.0,S/
2026/05/27,11:05 pm,"Se colocaron S/ 10 millones de CD BCRP a 12 meses a una tasa promedio de 4,12 por ciento.",10.0,S/
2026/05/27,10:05 am,"Se colocaron S/ 4 500,1 millones de Depósitos Overnight a una tasa promedio de 4,22 por ciento.",4500.1,S/
2026/05/27,09:10 am,Convocatoria de las siguientes subastas: (a) CD BCRP a 18 meses S/ 10 millones y (b) Depósitos Overnight S/ 4 500 millones.,10.0,S/
2026/05/27,09:00 am,Liquidez inicial de las empresas bancarias en el BCRP: S/ 11 700 millones.,11700.0,S/
2026/05/27,08:30 am,"Vencimientos de instrumentos del BCRP del día de hoy: (a) Depósitos BCRP S/ 8 999,4 millones.",8999.4,S/
2026/05/26,06:30 pm,"Monto total Negociado en el Mercado Cambiario Spot Interbancario: US$ 404,9 millones.",404.9,US$
2026/05/26,04:30 pm,"Tasa Interbancaria Overnight (TIBO) en moneda nacional: 4,25 por ciento.",,
2026/05/26,01:36 pm,"Se colocaron S/ 3499,2 millones de Depósitos Overnight a una tasa promedio de 4,22 por ciento.",3499.2,S/
2026/05/26,01:30 pm,"Tipo de cambio - Venta del mercado interbancario: S/ 3,4260.",,
2026/05/26,01:17 pm,"Se colocaron S/ 500 millones de Depósitos a 1 semanas a una tasa promedio de 4,23 por ciento.",500.0,S/
